,OBJECTID_1,OBJECTID,COMPONENT,SITE_NAME,JOINT_BASE,STATE_TERR,COUNTRY,OPER_STAT,PERIMETER,AREA,Shape_Length,Shape_Area
0,1,1,Army Active,Fort Lee,,Virginia,United States,Active,23.18682471,8.85401196,48133.853631398095,36256621.2593175
1,2,2,Army Active,Fort Myer,Joint Base Myer - Henderson Hall,Virginia,United States,Active,4.68079801,0.42035691,9953.06320197435,1799070.59550484
2,3,3,Army Active,Letterkenny Army Depot,,Pennsylvania,United States,Active,26.41286105,28.019349300000002,57283.4745483579,123884195.607131
3,4,4,Army Active,Redstone Arsenal,,Alabama,United States,Active,36.82437325,59.65636472,73710.2716592693,228766130.67582202
4,5,6,Army Active,Pohakuloa Training Area,,Hawaii,United States,Active,89.06464246,205.67476917,152591.132011759,604225947.319437
5,6,9,Army Active,Yakima Training Center,Joint Base Lewis - McChord,Washington,United States,Active,119.30622946,511.12106341,288699.239229076,2818078803.87161
6,7,11,Army Active,Anniston Army Depot,,Alabama,United States,Active,23.96588335,24.34134505,47656.47814694019,91222066.3643663
7,8,12,Army Active,Fort A P Hill,,Virginia,United States,Active,56.23083171,116.58079582,118382.161891966,488607985.15951604
8,9,13,Army Active,Fort Campbell TN,,Tennessee,United States,Active,53.88963469,105.59174084,112830.58746173099,425111055.31482595
9,10,14,Army Active,Arlington National Cemetery,,Virginia,United States,Active,5.87883889,0.9728508,12491.321330828501,4163569.17057913
10,11,27,Army Reserve,Fort Hunter Liggett,,California,United States,Active,112.28528006,252.81147345,230440.84943178899,1001382159.2794
11,12,41,Army Active,Fort Huachuca,,Arizona,United States,Active,76.52089724,126.24498888,148085.69506715,451782992.24177
12,13,43,Army Active,Fort Carson,,Colorado,United States,Active,70.91682378,215.5272868,149422.053390963,914283419.840847
13,14,44,Army Active,Pinon Canyon,,Colorado,United States,Active,102.49385552,367.9802549,215458.896688624,1516772154.66296
14,15,46,Army Active,Fort Gordon,,Georgia,United States,Active,49.52881821,86.73309413,98362.8190573192,322843994.86978704
15,16,49,Army Reserve,Parks Reserve Forces Tng Area,,California,United States,Active,12.10233686,3.74509133,25372.5916220416,15532840.6771861
16,17,50,Army Active,Lake Of The Ozarks Recreation,,Missouri,United States,Active,3.84473544,0.50059651,8074.67152324557,2096437.17595492
17,18,51,Army Active,Fort Jackson,,South Carolina,United States,Active,42.46091876,82.3615815,85486.841470728,311440563.757514
18,19,52,Army Active,Fort Knox,,Kentucky,United States,Active,85.35675698,170.00750726,179278.344890756,708471005.537943
19,20,53,Army Active,Fort Leavenworth,,Kansas,United States,Active,15.80601106,8.91071797,33845.981140560296,38661612.1242603
20,21,58,Army Active,Fort Leonard Wood,,Missouri,United States,Active,51.59341215,96.41521477,108216.978088154,399621817.723521
21,22,60,Army Active,England Authority,,Louisiana,United States,Active,6.03853789,0.59628627,11598.9734797079,2123404.83338993
22,23,61,Army Active,Fort Riley,,Kansas,United States,Active,76.12423409,158.94663865,162635.91958074,686176867.353516
23,24,62,Army Reserve,Fort McCoy,,Wisconsin,United States,Active,66.12012551,93.26753841,151522.727527265,467471228.312902
24,25,63,Army Active,Fort Polk,,Louisiana,United States,Active,332.77351078,375.45963653,641870.160928091,1332109717.76792
25,26,65,Army Active,Allen Stagefield AL,,Alabama,United States,Active,1.64138338,0.17657484,3170.6333159366804,627423.99469189
26,27,66,Army Active,Brown 4b Stagefield AL,,Alabama,United States,Active,1.98403965,0.25504468,3834.68062527805,909216.3743980741
27,28,67,Army Active,Cairns Basefield AL,,Alabama,United States,Active,7.26037498,2.01590342,14027.7222903223,7170286.02993315
28,29,68,Army Active,Fort Rucker AL,,Alabama,United States,Active,60.30741551,90.88878916,116795.256221193,324133719.795726
29,30,69,Army Active,Goldberg Stagefield AL,,Alabama,United States,Active,1.74920071,0.1611586,3353.05452758264,574868.155876942
30,31,70,Army Active,Highbluff Stagefield AL,,Alabama,United States,Active,1.61826363,0.14827059,3117.61381746183,525969.651179787
31,32,72,Army Active,Hunt Stagefield AL,,Alabama,United States,Active,1.92317563,0.20039693,3686.7160522275603,714306.6365115229
32,33,73,Army Active,Louisville Stagefield AL,,Alabama,United States,Active,1.7233805,0.16235675,3357.487241062,584096.752713972
33,34,74,Army Active,Runkle Stagefield AL,,Alabama,United States,Active,2.81278647,0.40943928,5437.82088781404,1458209.23256621
34,35,75,Army Active,Shell Basefield AL,,Alabama,United States,Active,2.35801524,0.38200326,4569.60992393954,1361128.61445792
35,36,76,Army Active,Skelly Stagefield AL,,Alabama,United States,Active,2.34611504,0.23301706,4497.7696454359,828932.579023975
36,37,77,Army Active,Stinson 5AB Stagefield AL,,Alabama,United States,Active,2.09866788,0.27093983,4058.93737031698,965337.628091025
37,38,81,Army Active,Tac X Stagefield AL,,Alabama,United States,Active,1.68250287,0.07945462,3234.79987388161,281687.08090069896
38,39,82,Army Active,Toth Stagefield AL,,Alabama,United States,Active,1.76953087,0.19007856,3424.9213346567603,675373.8705375029
39,40,91,Army Active,Fort Sill,,Oklahoma,United States,Active,72.88549435,146.44607284,148126.581891607,562245432.432173
40,41,92,Army Active,Fort Lewis,Joint Base Lewis - McChord,Washington,United States,Active,119.6952361,108.72802238,290888.120567723,606394836.095117
41,42,94,Army Active,Grant Training Annex,Joint Base Lewis - McChord,Washington,United States,Active,2.56714919,0.055379099999999994,6346.20745063792,310731.599691108
42,43,95,Army Active,Umatilla Chemical Depot,Joint Base Lewis - McChord,Oregon,United States,Active,22.91816047,30.99643263,54808.1415110594,165395357.563234
43,44,96,Army Active,Fort Lesley J McNair,Joint Base Myer - Henderson Hall,District of Columbia,United States,Active,1.94102298,0.16844624,4083.44235243721,720694.916421858
44,45,97,Army Active,Tobyhanna Army Depot,,Pennsylvania,United States,Active,7.00588776,2.27905895,15384.887092801999,10435042.571308699
45,46,101,Army Active,Military Ocean Tml Sunny Point,,North Carolina,United States,Active,40.63022482,18.03094326,80617.7411631636,68147513.8529656
46,47,102,Army Active,Military Ocean Terminal Concord,,California,United States,Active,34.93170367,9.31225766,74106.4646649333,38958616.5502055
47,48,105,Army Active,Presidio of Monterey,,California,United States,Active,4.35133598,0.61037804,9080.01935481095,2457793.61060345
48,49,106,Army Active,Pueblo Chemical Depot,,Colorado,United States,Active,25.51299597,35.66381945,53914.1972733446,150285320.457884
49,50,108,Army Active,Sierra Army Depot,,California,United States,Active,29.86914818,46.7340317,64498.2557855097,207769875.872343
50,51,147,Army Active,Kahuku Tng Area,,Hawaii,United States,Active,24.10885693,14.21697719,42025.7408937538,42835738.94109029
51,52,149,Army Active,Makua Mil Reserve,,Hawaii,United States,Active,12.17198674,6.65575787,21198.9499579952,20019524.3848889
52,53,150,Army Active,Schofield Barracks Military Reservation,,Hawaii,United States,Active,43.85006229,23.4489528,76346.84512371231,70497762.26312901
53,54,158,Army Active,Tripler Army Medical Center,,Hawaii,United States,Active,3.46900298,0.55980472,6031.433200473579,1679973.96324629
54,55,164,Army Active,Aliamanu Military Reservation,,Hawaii,United States,Active,5.87763715,0.92467372,10220.2918441726,2774943.52261537
55,56,167,Army Active,Dillingham Mil Res,,Hawaii,United States,Active,5.47414425,0.96697142,9540.983496023879,2910329.12755825
56,57,168,Army Active,Fort De Russy,,Hawaii,United States,Active,1.50822926,0.11060108,2619.95506333767,331555.732818512
57,58,169,Army Active,Fort Shafter,,Hawaii,United States,Active,7.01601646,0.92213281,12195.347634453501,2766721.24308852
58,59,170,Army Active,Helemano Military Reservation,,Hawaii,United States,Active,2.83538388,0.44207169,4937.73847721549,1329789.34085131
59,60,171,Army Active,USA Field Station Kunia,,Hawaii,United States,Active,0.94787148,0.049242400000000006,1649.4433647084602,148005.98862283802
60,61,172,Army Active,Waianae Kai Military Reservation,,Hawaii,United States,Active,1.01506332,0.02107027,1765.9755696327,63304.5480551683
61,62,176,Army Active,Wheeler Army Airfield,,Hawaii,United States,Active,8.3033019,2.15499542,14446.7948141549,6477075.00525605
62,63,177,Army Active,Kawaihae Mil Reserve,,Hawaii,United States,Active,2.68212787,0.03805322,4607.01571922865,112234.78859474
63,64,178,Army Active,Kilauea Mil Reserve,,Hawaii,United States,Active,1.15740786,0.0773326,1978.4900453935998,226403.854752015
64,65,257,Army Active,Stewart Annex,,New York,United States,Active,0.54336624,0.01577849,1212.7711902955198,72897.1470708348
65,66,261,Army Active,White Sands Missile Range NM,,New Mexico,United States,Active,332.13318926,3548.57016437,648984.1003717029,13150788697.0792
66,67,262,Army Active,Yuma Proving Ground,,Arizona,United States,Active,267.52640853,1307.98611024,525746.731255341,4841127730.369221
67,68,272,Army Active,West Point Military Reservation,,New York,United States,Active,37.18808259,24.77684534,82034.555185696,114012756.167097
68,69,410,Army Reserve,Joliet USARC/JTA,,Illinois,United States,Active,11.83918838,5.58295189,26499.1032714846,25739731.49986
69,70,414,Army Reserve,W Silver Spring Complex,,Wisconsin,United States,Active,2.09568162,0.19706563,4746.9713382950395,958493.904475625
70,71,559,Army Active,Blossom Point Research Facility,,Maryland,United States,Active,6.95251054,2.47410056,14706.052649846899,10455705.7156244
71,72,569,Army Active,US Army Adelphi Laboratory Center,,Maryland,United States,Active,3.52680484,0.32145105,7507.32254843587,1381714.95791982
72,73,570,Army Active,Blue Grass Army Depot,,Kentucky,United States,Active,20.43117434,22.777564399999996,42748.4038266023,94391851.77254541
73,74,571,Army Active,Defense Supply Center Columbus,,Ohio,United States,Active,3.93089208,0.90371811,8622.24217510057,3990832.41380061
74,75,572,Army Active,Def Gen Supply Center,,Virginia,United States,Active,6.3406374,0.89470004,13090.2618352046,3680133.77872844
75,76,575,Army Active,Fort Benning GA,,Georgia,United States,Active,91.39538490000001,264.41170662,178635.350519384,963391385.510774
76,77,576,Army Active,Defense Distrib Depot Susq,,Pennsylvania,United States,Active,6.28513057,1.3104136999999998,13694.9341066177,5825681.99771307
77,78,577,Army Active,Dugway Proving Ground,,Utah,United States,Active,166.54263054,1250.7702620999999,363921.221573555,5551862346.53707
78,79,579,Army Active,Fort Benning AL,,Alabama,United States,Active,29.08141831,19.31206884,56833.3151241524,70185290.0503138
79,80,582,Army Active,Camp Mackall,,North Carolina,United States,Active,23.49752201,12.45540982,47586.1291252191,48222074.16782729
80,81,583,Army Active,Fort Bragg,,North Carolina,United States,Active,119.03178563,242.02159856,241741.213726282,939425104.5404661
81,82,586,Army Active,Fort Campbell KY,,Kentucky,United States,Active,65.30685697,57.96505553,136190.252694639,233807524.01699904
82,83,601,Army Active,Fort Belvoir,,Virginia,United States,Active,28.720387199999998,13.00441116,60969.408172315896,55394071.01612221
83,84,605,Army Active,Rivanna Station,,Virginia,United States,Active,1.74910696,0.11804562,3675.93777201606,495250.81142615294
84,85,610,Army Active,Detroit Arsenal,,Michigan,United States,Active,2.55583336,0.28746763,5726.157496140269,1370399.18334214
85,86,634,Army Active,NTC and Fort Irwin,,California,United States,Active,168.38341803,1180.20496212,343431.28673867,4607056567.59005
86,87,635,Army Active,Red River Army Depot,,Texas,United States,Active,21.66517594,23.31161452,43113.0070785122,86924623.667347
88,89,638,Army Active,Fort Detrick,,Maryland,United States,Active,9.3707605,1.90590655,20180.4774830659,8287020.99355482
89,90,642,Army Active,Fort Detrick Forest Glen Annex,,Maryland,United States,Active,2.20642048,0.19459995,4691.018899176,835839.2523472559
90,91,643,Army Active,Fort Detrick Glen Haven Annex,,Maryland,United States,Active,0.8765069999999999,0.0305621,1886.02897734245,131368.900135641
91,92,644,Army Reserve,Devens Reserve Forces Tng Area,,Massachusetts,United States,Active,18.7805218,7.94792546,42241.942432716896,37890239.590896204
92,93,645,Army Active,Fort Drum,,New York,United States,Active,83.64489799,170.14390483,193275.28092905198,855405629.155687
93,94,646,Army Active,Fort Greely,,Alaska,United States,Active,16.6596204,10.67476022,60174.0129712244,142943258.05014098
94,95,647,Army Active,Fort Hamilton,,New York,United States,Active,3.24169841,0.27630773,7098.4658001075295,1242979.11646144
95,96,652,Army Active,Fort George G Meade,,Maryland,United States,Active,21.749239000000003,7.30130972,46658.46152372,31447105.5410305
96,97,653,Army Active,Fort Stewart,,Georgia,United States,Active,103.55554568,436.71862465,202520.329692635,1577181300.6088
97,98,657,Army Active,Hunter Army Airfield,,Georgia,United States,Active,13.99191536,8.46658284,27346.9258602267,30586712.2360044
98,99,658,Army Active,Hawthorne Army Depot,,Nevada,United States,Active,152.4509978,228.24335083,323910.095679497,967745616.7237561
99,100,659,Army Active,Iowa AAP,,Iowa,United States,Active,25.59289443,33.62462485,56339.582590379105,152088474.575854
100,101,660,Army Active,Us Army Joint Sys Mfg CtrLima,,Ohio,United States,Active,4.16320377,0.90958295,9159.268647806659,4102722.01356958
101,102,667,Army Active,Lake City AAP,,Missouri,United States,Active,11.02776385,6.76156222,23772.463716837003,29115999.455319203
102,103,672,Army Active,Milan AAP,,Tennessee,United States,Active,32.4607757,34.89137292,65939.0696885199,137921723.48174098
103,104,673,Army Active,US Army Soldier Systems Center Natick,,Massachusetts,United States,Active,1.73908776,0.10050346,3892.6127939893604,475974.567704118
104,105,677,Army Active,Picatinny Arsenal,,New Jersey,United States,Active,21.652624,10.27481807,47441.7579883184,46701010.0966594
105,106,679,Army Active,Rock Island Arsenal,,Illinois,United States,Active,10.12334765,1.40384772,22616.453428278997,6490725.64556708
106,107,680,Army Active,Scranton AAP,,Pennsylvania,United States,Active,0.61595369,0.02303403,1363.3640182890801,106130.901697309
107,108,687,Army Active,Radford AAP,,Virginia,United States,Active,20.31060637,6.29488563,42472.8502271224,25734942.8778435
108,109,810,Army Reserve,Grand Prairie Reserve Complex,,Texas,United States,Active,1.48183545,0.11659727,2928.62875855277,428029.15044910705
109,110,872,Army Active,Watervliet Arsenal,,New York,United States,Active,2.72594444,0.20726435,6153.83507290047,995090.850918888
110,111,876,Army Active,Fort Wainwright,,Alaska,United States,Active,211.70187097,1034.02242143,770708.8639042091,14438114406.3151
111,112,877,Army Active,Seward Recreation Area,,Alaska,United States,Active,0.58001148,0.01811696,1871.20825707595,188575.955482293
112,113,897,Army Active,Fort Monmouth Main Post,,New Jersey,United States,Inactive,16.06671107,1.56333404,35123.8720556924,6970273.19692722
113,114,899,Army Active,Fort Monroe,,Virginia,United States,Inactive,10.20968811,0.87723297,21033.8801088467,3570032.52737506
114,115,934,Army Active,US Army Garrison Selfridge,,Michigan,United States,Active,1.59094962,0.16074377,3572.7211691446705,770292.081518212
115,116,946,Army Active,Fort Benjamin Harrison,,Indiana,United States,Inactive,1.96270333,0.10441299,4220.15012733518,459496.211903693
116,117,948,Army Active,Indiana Army Ammunition Plant,,Indiana,United States,Inactive,6.66736653,2.40291953,14132.284398625401,10163590.7573289
117,118,949,Army Active,Jefferson Proving Ground,,Indiana,United States,Inactive,66.58660775,82.48045269,141187.64545793,353714089.210187
118,119,955,Army Active,Destin Moreno Point,,Florida,United States,Active,0.60143192,0.01995549,1146.54594441176,69719.2629300518
119,120,963,Army Active,Savanna Depot Act,,Illinois,United States,Inactive,46.71413434,13.32299217,104996.146633561,62974183.697089896
120,121,964,Army Active,Badger AAP,,Wisconsin,United States,Inactive,23.29370997,2.28162594,53417.401439009904,11180506.8716242
121,122,973,Army Active,Longhorn AAP,,Texas,United States,Inactive,22.00880125,2.27178501,43161.631254164,8327679.80452025
122,123,974,Army Active,Lone Star AAP (BRAC 2005),,Texas,United States,Inactive,35.18744116,11.29811339,69813.38378975389,42099032.4805866
123,124,975,Army Active,Rocky Mountain Arsenal,,Colorado,United States,Inactive,50.79558651,5.80991778,109626.949471435,25556434.2973155
124,125,977,Army Active,Cornhusker AAP,,Nebraska,United States,Inactive,5.00437744,0.58275256,11050.291535378601,2647490.32642507
125,126,991,Army Active,Fort Wingate Depot Activity,,New Mexico,United States,Inactive,22.06779046,12.90102004,44885.73320522269,50477869.217936605
126,127,997,Army Active,Kipapa Ammo Storage Site,,Hawaii,United States,Inactive,7.36203995,0.63257837,12805.3029532696,1900360.7846284
127,128,1010,Army Active,Camp Frank D Merrill,,Georgia,United States,Active,142.24916988,538.79293712,287335.592036586,2069974327.18958
128,129,1011,Army Active,Pupukea Paalaa Uka Mil Road,,Hawaii,United States,Active,19.34411399,20.71375137,33196.8286731705,61045877.442789
129,130,1013,Army Active,Green River Test Complex UT,,Utah,United States,Inactive,28.98163164,6.27801514,61965.4718443238,26929083.674878303
130,131,1014,Army Active,Riverbank AAP,,California,United States,Inactive,3.18810746,0.24811282,6575.66879316182,1028810.93396694
131,132,1068,Army Active,Fort Gillem,,Georgia,United States,Inactive,3.01426429,0.40587821,6020.444683390439,1519875.43866617
132,133,1076,MC Active,MCLB Albany,,Georgia,United States,Active,17.12342374,5.28920874,33649.9130506954,18920820.1756015
133,134,1082,MC Active,TBR Main,,Georgia,United States,Active,228.60596022,128.66585039999998,441557.15975244297,460264988.163398
134,135,1083,MC Active,MCAS Beaufort,,South Carolina,United States,Active,54.03658199,11.89888126,105881.25537603401,43434781.652389295
135,136,1096,MC Active,MCSF Blount Island (FL),,Florida,United States,Active,5.37139127,1.42281536,10259.3666451621,4969927.77819823
136,137,1108,MC Active,Point of Marsh Target,,North Carolina,United States,Active,50.4921902,18.61748255,101991.29378180199,72045695.3935618
137,138,1109,MC Active,ALF Bogue,,North Carolina,United States,Active,7.99680624,1.41145676,16153.7729160209,5420314.10022797
138,139,1113,MC Active,OLF Atlantic,,North Carolina,United States,Active,8.00600134,2.29638632,16164.857262656498,8861554.60901896
139,140,1116,MC Active,Oak Grove,,North Carolina,United States,Active,6.5167107,1.48466017,13160.296034493,5746998.9746024
140,141,1117,MC Active,MCAS Cherry Point,,North Carolina,United States,Active,53.86377756,17.75227136,108891.09516093801,68533646.5804669
141,142,1126,MC Active,MCB Camp Lejeune (West Site),,North Carolina,United States,Active,137.46730185,106.61984892,275265.650375206,408750411.516971
142,143,1137,MC Active,MCRD Beaufort,,South Carolina,United States,Active,21.15272895,12.92052491,41205.2302269981,47012138.925618395
143,144,1138,MC Active,MCLB Barstow,,California,United States,Active,13.30399099,5.91717573,26967.780393137004,22814673.373159
144,145,1139,MC Active,Yermo Area,,California,United States,Active,9.11344588,2.64181706,18363.913710855802,10193706.6334606
145,146,1141,MC Active,MCAS Miramar,,California,United States,Active,44.19571243,35.28132876,87358.3909693445,129913014.075155
146,147,1143,Navy Active,Fallbrook California,,California,United States,Active,16.7435591,13.90140875,33040.5853174833,51748499.211840294
147,148,1144,MC Active,MCB Camp Pendleton,,California,United States,Active,75.13581087,196.77328222,148653.88101776698,732527129.7247441
148,149,1145,MC Active,Former NTC,,California,United States,Active,1.7148091,0.11175495,3364.7897806388696,410154.326824736
149,150,1146,MC Active,MCRD San Diego,,California,United States,Active,4.14799628,0.66565193,8193.725244247149,2443594.22251017
150,151,1148,MC Active,Twentynine Palms,,California,United States,Active,186.65165961,1190.21534002,376644.230068254,4545646506.381411
151,152,1154,MC Active,MCAS Yuma,,Arizona,United States,Active,14.75257572,7.42796297,28849.244445555098,27210761.833992604
152,153,1155,MC Active,Barry Goldwater Range,,Arizona,United States,Active,162.28575468,1082.62380838,319774.40741671,3953111553.10169
153,154,1163,MC Active,Choc Mt Air Gnry Rng,,California,United States,Active,173.00820453,716.16304686,343531.12470985396,2663060112.18685
154,155,1173,MC Active,Marine Corps Museum,,Virginia,United States,Active,1.77670081,0.15763888,3779.60147936166,668000.645216995
155,156,1174,MC Active,MCB Quantico,,Virginia,United States,Active,71.75051871,92.07653203,151866.392718643,390519129.089285
156,157,1199,MC Reserve,Jacksonville FL Maint,,Florida,United States,Active,2.27205097,0.17706,4372.698994885101,618548.029419349
157,158,1201,MC Reserve,Brooklyn NY,,New York,United States,Active,1.82389359,0.14775903,4001.29239162961,664160.380744749
158,159,1213,MC Reserve,Syracuse MCRC,,New York,United States,Active,1.09136432,0.06630363,2507.33950576799,322248.376838448
159,160,1234,MC Active,Pearl City Annex,,Hawaii,United States,Active,0.90949865,0.04127455,1581.23536157816,123900.861190159
160,161,1237,MC Active,MCB Camp Smith,,Hawaii,United States,Active,2.9318851,0.33124636,5098.77843599911,994400.4295987841
161,162,1238,MC Active,MC Trng Area Bellows,,Hawaii,United States,Active,9.14424433,1.61154585,15896.7774952521,4836265.58803475
162,163,1239,MC Active,Puuloa-Oahu,,Hawaii,United States,Active,2.26757498,0.24891757,3940.80231855702,746563.4806252341
163,164,1240,MC Active,MCB Hawaii (Kaneohe Bay),,Hawaii,United States,Active,13.49084082,4.76390576,23474.767590311803,14312635.790493699
164,165,1279,Navy Active,Craney Island,,Virginia,United States,Active,8.58664027,1.14872858,17821.3412944202,4659822.23453728
165,166,1280,Navy Active,Northwest Chesapeake VA,,Virginia,United States,Active,10.78732087,5.72972729,22166.666574144398,23045684.351269603
166,167,1284,Navy Active,NAVSUPPACT Norfolk NSY,,Virginia,United States,Active,4.439523,0.72651883,9213.01669848907,2941604.10010801
167,168,1286,Navy Active,NNSY South Gate,,Virginia,United States,Active,1.50066793,0.14386155,3098.0163910172496,582288.894820009
168,169,1289,Navy Active,NNSY St Helena,,Virginia,United States,Active,0.59946344,0.01914829,1248.57123308667,77547.7183476819
169,170,1290,Navy Active,St Juliens Creek East,,Virginia,United States,Active,2.88709126,0.46936446,5913.015623183579,1899004.93409553
170,171,1292,Navy Active,Dam Neck,,Virginia,United States,Active,13.56827918,2.97338015,27899.3733678374,12030209.1159679
171,172,1293,Navy Active,Lafayette Rvr Complex,,Virginia,United States,Active,0.70323455,0.03096726,1453.26321835388,125662.867832353
172,173,1295,Navy Active,Yorktown Fuel Depot,,Virginia,United States,Active,1.9129513999999999,0.22694957,3977.6843744268,928523.934078075
173,174,1296,Navy Active,Naval Weapons Station Yorktown,,Virginia,United States,Active,17.12229581,16.23443339,35802.6542067877,66470881.9557036
174,175,1299,Navy Active,NAS Oceana VA,,Virginia,United States,Active,14.05080616,8.29236824,29097.405703522203,33572660.9618305
175,176,1309,Navy Active,Waterfront,,New Jersey,United States,Active,2.72277215,0.15382455,5864.67717732824,688166.824356488
176,177,1311,Navy Active,Naval Weapons Station Earle NJ,,New Jersey,United States,Active,23.79425256,13.36624457,51504.0265645534,59501630.478456005
177,178,1314,Navy Active,Det Phil Pny Annex,,Pennsylvania,United States,Active,6.95737755,0.41201864,15106.6197535247,1814906.68321799
178,179,1315,Navy Active,Cheatham Annex,,Virginia,United States,Active,18.597864899999998,3.58828419,38988.5912859667,14707549.195683898
179,180,1316,Navy Active,NAVSUPPACT Hampton Roads VA,,Virginia,United States,Active,5.38171186,1.22247271,11304.9886831455,4963638.54513249
180,181,1317,Navy Active,SDA Area,,Virginia,United States,Active,1.49487142,0.14014529,3112.94096626055,568960.646590117
181,182,1318,Navy Active,Fire Fighters School,,Virginia,United States,Active,0.57708348,0.01915213,1204.22026240364,77756.4274596559
182,183,1323,Navy Active,JEBLCFS East,Joint Expeditionary Base Little Creek - Fort Story,Virginia,United States,Active,7.03987052,2.44218058,14778.573243548799,9915567.31538222
183,184,1324,Navy Active,Det Philadelphia PA,,Pennsylvania,United States,Active,2.08669546,0.21074834,4503.834985199361,932365.9404114841
184,185,1325,Navy Active,JNTEXPBASE Little Creek FS VA,Joint Expeditionary Base Little Creek - Fort Story,Virginia,United States,Active,12.891425,3.29211424,26752.4884530183,13364216.5161896
185,186,1335,Navy Active,ALF Fentress Chesapke,,Virginia,United States,Active,13.32224036,4.04743655,27463.0204831401,16336000.986181699
186,187,1345,Navy Active,NAVSUBASE New London CT,,Connecticut,United States,Active,6.63136239,0.95716958,14487.517308086399,4409607.07370634
187,188,1348,Navy Active,NAVMEDCEN Portsmouth VA,,Virginia,United States,Active,2.15587215,0.17186836,4500.26934796856,696410.977128498
188,189,1349,Navy Active,Elizabeth Rvr Channel,,Virginia,United States,Active,1.06628139,0.05748192,2184.6313178013897,233040.51186875897
189,190,1352,Navy Active,NSA Saratoga Springs NY,,New York,United States,Active,0.83752619,0.03516218,1912.0197413792102,170780.625172783
190,191,1354,Navy Active,JEBLCFS Wallops Island VA,Joint Expeditionary Base Little Creek - Fort Story,Virginia,United States,Active,37.07550981,10.10759615,77925.9013317794,42097627.538792
191,192,1355,Navy Active,Naval Station Newport RI,,Rhode Island,United States,Active,27.72772266,1.43731762,61098.4973189348,6649185.97471326
192,193,1360,Navy Active,Fort Adams RI,,Rhode Island,United States,Active,1.24001498,0.03755488,2748.35776305841,173414.270786201
193,194,1364,Navy Active,NSY Portsmouth,,Maine,United States,Active,7.00352791,0.5000837,15984.672453901101,2429054.63293209
194,195,1365,Navy Active,Redington Township,,Maine,United States,Active,31.85232816,19.4922695,75463.6058041939,100931483.623474
195,196,1370,Navy Active,Gould Island RI,,Rhode Island,United States,Active,0.84140173,0.01563502,1843.4152692437399,72333.1072502818
196,197,1375,Navy Active,Glenview,,Illinois,United States,Active,2.07135695,0.05065759,4685.56864693469,238423.872449777
197,198,1381,Navy Active,GL Camp JPJ,,Illinois,United States,Active,2.36192457,0.07713146,5312.91976853427,365412.00502105703
198,199,1383,Navy Active,Naval Support Activity Crane,,Indiana,United States,Active,66.85914639,96.85457877,143070.97264174098,414091330.91346
199,200,1388,Navy Active,Bratenahl,,Ohio,United States,Active,1.17347686,0.04823925,2591.48333221231,223209.299451762
200,201,1404,Navy Active,NAVSTA Norfolk VA,,Virginia,United States,Active,19.53021724,6.3444268,40552.4150000865,25772712.6029293
201,202,1406,Navy Active,Naval Support Activity Wash,,District of Columbia,United States,Active,1.43172825,0.11862644,3066.2332626134803,507639.476879561
202,203,1408,Navy Active,Webster Field,,Maryland,United States,Active,9.33448735,1.51343387,19664.4835462838,6347841.43507315
203,204,1412,Navy Active,Arlington Service Ctr,,Virginia,United States,Active,0.80304023,0.03030048,1713.3576718444199,129642.21100777699
204,205,1413,Navy Active,Naval Research Lab,,District of Columbia,United States,Active,2.8926428,0.21170459,6118.92990116979,904686.7198240459
205,206,1414,Navy Active,NSWC Carderock,,Maryland,United States,Active,3.02871036,0.28440109,6551.11843151484,1220478.42922428
206,207,1415,Navy Active,NAVSUPPACT Bethesda MD,,Maryland,United States,Active,2.43801872,0.37872829,5214.67144273253,1626505.01300515
209,210,1422,Navy Active,Allegany Ballistics Lab,,West Virginia,United States,Active,9.06818726,2.37061099,19516.2180474355,10339954.610937402
218,219,1448,Navy Active,Saufley Field,,Florida,United States,Active,6.89690133,1.33100134,13139.9587658208,4655724.39795531
219,220,1449,Navy Active,NAS Pensacola FL,,Florida,United States,Active,25.50381109,8.50791146,48677.118986556205,29689275.6607346
220,221,1457,Navy Active,Corry Station,,Florida,United States,Active,4.38100437,0.91986194,8408.61552175438,3213211.61876235
221,222,1460,Navy Active,CBC Gulfport MS,,Mississippi,United States,Active,6.73341033,1.75055909,12954.9813545553,6111917.72747898
222,223,1461,Navy Active,OLF Bronson,,Florida,United States,Active,5.88567119,1.57085256,11279.5583251734,5485100.98054098
223,224,1462,Navy Active,Woolmarket (De Soto),,Mississippi,United States,Active,8.04069854,3.85768895,15331.884335261599,13513596.2056909
224,225,1484,Navy Active,Bangor WA,,Washington,United States,Active,17.15905357,11.39643406,41738.2913076782,65183622.5942646
225,226,1488,Navy Active,Marysville WA,,Washington,United States,Active,1.12290828,0.08140462,2761.5756310524,472824.229071606
226,227,1497,Navy Active,CNI NAVMAG Indian Island,,Washington,United States,Active,14.00959272,4.628356299999999,34395.904259896095,26809861.6020334
227,228,1512,Navy Active,Manchester,,Washington,United States,Active,3.09644878,0.49707358,7676.3717770714,2826122.04936106
228,229,1514,Navy Active,Sea Plane Base,,Washington,United States,Active,16.67040945,4.91809346,41450.9564034074,28755569.431748603
229,230,1526,Navy Active,Fort Sheridan,,Illinois,United States,Active,10.64368854,0.22329262,23820.291691746403,1054839.15297289
230,231,1527,Navy Active,Naval Station Great Lakes IL,,Illinois,United States,Active,4.31223234,0.82607028,9627.960488846791,3915147.64549564
231,232,1529,Navy Active,Naval Support Activity Panama City,,Florida,United States,Active,7.04826222,1.0245731,13404.7810097481,3562399.49705065
232,233,1530,Navy Active,NAS Meridian MS,,Mississippi,United States,Active,32.75334077,12.63878888,64140.0759176384,46205489.318562895
233,234,1532,Navy Active,FLC Fuel Depot Heckscher,,Florida,United States,Active,3.36317933,0.25929821,6454.69642514957,905717.894090683
234,235,1549,Navy Active,NAVSTA Mayport FL,,Florida,United States,Active,14.688440900000002,5.36687841,28068.6578850404,18739358.9455613
235,236,1552,Navy Active,NAS Kingsville TX,,Texas,United States,Active,20.88058479,6.22223808,38537.7941702972,20561532.2030442
236,237,1555,Navy Active,ALF Orange,,Texas,United States,Active,24.10230352,5.29396923,44590.5694826096,17620483.3853188
237,238,1557,Navy Active,NAVSUPPACT Midsouth Memphis TN,,Tennessee,United States,Active,6.41407356,1.62297726,13041.328143974399,6329810.66923855
238,239,1560,Navy Active,NAS Corpus Christi TX,,Texas,United States,Active,13.66429392,4.41900068,25380.393248416698,14653541.778085401
239,240,1564,Navy Active,OLF Bravo,,Mississippi,United States,Active,11.64139593,2.23160698,22973.275755035298,8202497.35709085
240,241,1639,WHS,Pentagon Building Site,,Virginia,United States,Active,4.9863800000000005,0.34395351,10583.1638607396,1471795.50405769
241,242,1643,AF Active,Arnold,,Tennessee,United States,Active,70.91531259,60.76822985,144104.967167635,237197209.46048102
242,243,1652,AF Active,Eglin AFB Site 2 Santa Rosa Island,,Florida,United States,Active,33.25063043,4.97793308,64202.3793001636,17385730.8810022
243,244,1655,AF Active,Eglin AFB (Eglin Main and Reservation),,Florida,United States,Active,235.02625837,703.11834606,450616.597515435,2464772939.13827
244,245,1658,AF Active,Hurlburt Field,,Florida,United States,Active,15.08632469,9.97662301,28951.185770005897,34867579.7479076
245,246,1665,AF Active,Eglin Air Force Auxiliary Field 3 Duke Fld,,Florida,United States,Active,8.31817313,3.04210819,15928.529417997901,10680031.2879186
246,247,1666,AF Active,Eglin Air Force Auxiliary Field 6,,Florida,United States,Active,6.30215526,1.33629277,12020.7657149949,4689711.432620599
247,248,1671,AF Active,Hanscom AFB,,Massachusetts,United States,Active,6.41800403,1.21215943,14472.494987135,5771393.99851403
248,249,1674,AF Active,Cape Cod Air Station,,Massachusetts,United States,Active,3.71654684,0.15131146,8203.92761059774,704708.31559334
249,250,1676,AF Active,Utah Test and Training Range South UT,,Utah,United States,Active,156.94185586,900.7713739,345234.888027283,4038737670.87447
250,251,1683,AF Active,UTTR - North,,Utah,United States,Active,129.89177052,575.80925514,288482.42176083697,2622709438.1206
251,252,1693,AF Active,Hill AFB,,Utah,United States,Active,17.92093484,10.33916226,39473.671585086,47240351.471438706
252,253,1696,AF Active,Tinker Support Annex,,Oklahoma,United States,Active,1.95160534,0.20540239999999998,3991.1107043398797,802518.546437817
253,254,1697,AF Active,Tinker AFB,,Oklahoma,United States,Active,18.41947701,6.94229693,37387.2591745723,27134323.482800398
254,255,1698,AF Active,Tinker Aerospace Complex,,Oklahoma,United States,Active,3.46725513,0.63548128,7078.92922510667,2482240.00151848
255,256,1700,AF Active,Wright-Patt AFB,,Ohio,United States,Active,14.60653863,8.162926400000002,31571.4707823761,35879831.5192988
256,257,1704,AF Active,Creech AFB,,Nevada,United States,Active,123.27287574,211.77097773,255508.620019365,853198423.300883
257,258,1709,AF Active,Nellis Annex,,Nevada,United States,Active,0.64412064,0.02516764,1329.14379983811,100402.307995954
258,259,1714,AF Active,Point Arena Air Force Station,,California,United States,Inactive,2.80732403,0.12517774,5992.81241136986,535942.221810418
259,260,1716,AF Active,McClellan AFB,,California,United States,Inactive,13.20287133,4.50694328,27983.7306547252,19173735.7614445
260,261,1721,AF Active,Fort Eustis,,Virginia,United States,Active,27.5111714,12.28342762,57091.299176036795,50145217.312948205
261,262,1722,AF Active,Saylor Creek Air Force Range,,Idaho,United States,Active,57.14622739,171.09737601,128325.15231738401,821991690.281692
262,263,1763,AF Active,Offut AFB,,Nebraska,United States,Active,11.89015959,3.27800877,26197.0294341204,14972870.166649697
263,264,1770,AF Active,Arbuckle Airfield,,Florida,United States,Active,9.01432689,2.75252299,16675.58567475,9120933.75427597
264,265,1771,AF Active,Avon Park AF Range,,Florida,United States,Active,75.6069703,166.27886704,140435.220409426,550940441.7696509
265,266,1783,AF Active,Poinsett Range,,South Carolina,United States,Active,22.01892042,19.57179064,43451.948157791296,73590119.9965923
266,267,1787,AF Active,Fort Fisher Recreation Site,,North Carolina,United States,Active,1.91609877,0.06505427,3808.39925541178,245658.73828361699
267,268,1788,AF Active,Seymour Johnson AFB,,North Carolina,United States,Active,12.63219333,5.04956187,25730.9268270346,19701896.932779502
268,269,1789,AF Active,Dare County Range,,North Carolina,United States,Active,38.0059666,72.85184075,77844.6579424755,286843726.568488
269,270,1792,AF Active,Cavalier Asn,,North Dakota,United States,Active,2.79210683,0.41544057,7053.001535436701,2470410.13638969
270,271,1794,AF Active,Los Angeles Air Force Annex No4,,California,United States,Active,0.31869193,0.00634495,635.4725048500229,23891.7444350531
271,272,1797,AF Active,Clear Air Force Station,,Alaska,United States,Active,19.99637984,17.938435300000002,72217.7373774493,245806092.51079
272,273,1800,AF Reserve,Norwalk 2,,California,United States,Active,1.09520406,0.07821894,2189.3161838104,294766.586778
273,274,1801,AF Reserve,March ARB,,California,United States,Active,14.77766976,3.37656166,29316.2270846227,12723292.677240402
274,275,1802,AF Reserve,Youngstown,,Ohio,United States,Active,5.60290996,0.49828417,12414.413927306101,2286374.39748737
275,276,1803,AF Reserve,Dobbins ARB,,Georgia,United States,Active,10.89297169,3.78261368,21685.1135148328,14262728.126437198
276,277,1806,AF Active,Barksdale AFB,,Louisiana,United States,Active,28.93687611,34.29115123,57009.238741818095,125216565.39359099
277,278,1817,AF Active,Dyess AFB,,Texas,United States,Active,14.97703127,8.38591111,29246.6617983713,30569582.4467742
278,279,1819,AF Active,Ellsworth AFB,,South Dakota,United States,Active,11.10121803,6.19323949,25787.1724306899,31172041.1832965
279,280,1820,AF Active,Ellsworth AFB Site 2,,South Dakota,United States,Active,9.40315679,2.00127812,21780.718887048402,10063721.4781917
280,281,1839,AF Active,Kirtland,,New Mexico,United States,Active,53.75878941,78.48517719,109292.67655854,303623142.256082
281,282,2060,AF Active,Malmstrom AFB,,Montana,United States,Active,11.742872199999999,5.1197989,28870.4971020962,29042303.6443651
282,283,2228,AF Active,Minot AFB,,North Dakota,United States,Active,17.73537119,7.75923308,44277.73986865691,45592556.834145
283,284,2229,AF Active,Newington Defense Fuel Support Point,,New Hampshire,United States,Active,2.11401517,0.25103042,4802.67650491622,1220633.49529554
284,285,2230,AF Active,Whiteman AFB,,Missouri,United States,Active,17.77861534,8.20858883,37665.7505923672,34986404.697842
285,286,2449,AF Active,Laughlin AFB,,Texas,United States,Active,12.78352045,6.39610569,24159.700649422597,21883369.4739079
286,287,2450,AF Active,Laughlin AFB Aux 1,,Texas,United States,Active,4.00040491,0.62588742,7530.21679426266,2131401.61904904
287,288,2454,AF Active,JB Andrews,Joint Base Andrews,Maryland,United States,Active,10.636305400000001,6.87972183,22642.684031384502,29383976.0679675
288,289,2461,AF Active,Cannon AFB,,New Mexico,United States,Active,12.80012055,6.34170532,25685.0005235573,24175265.563887697
289,290,2465,AF Active,Cannon AFB Site 2,,New Mexico,United States,Active,2.82718202,0.44163040000000003,5727.01010888829,1684506.31022546
290,291,2466,AF Active,Melrose Air Force Range,,New Mexico,United States,Active,49.68520507,91.70461905,99259.3679863033,348780288.85257596
291,292,2489,AF Active,Travis Annex  2,,California,United States,Active,2.46116805,0.32424531,5276.00508216448,1366673.99033471
292,293,2495,AF Active,Travis AFB,,California,United States,Active,17.1767098,7.82631612,36365.8178824212,32932334.3458786
293,294,2497,AF Active,The Farish Memorial Recreational Annex,,Colorado,United States,Active,6.19944523,1.05409456,13152.554462908502,4526616.59349592
294,295,2498,AF Active,USAF Academy Auxiliary Airfield,,Colorado,United States,Active,6.72971098,0.30681337,13987.115826486799,1308795.70995244
295,296,2499,AF Active,USAF Academy,,Colorado,United States,Active,36.94683316,28.81367101,78208.7549033588,123719286.63675801
296,297,2502,AF Reserve,Minn-St Paul,,Minnesota,United States,Active,4.33354996,0.3590452,10139.1838045462,1852960.25550474
297,298,2503,AF Reserve,Grissom ARB,,Indiana,United States,Active,13.56951794,2.16776358,29654.2325812097,9764837.38459534
298,299,2507,AF Reserve,Pittsburgh IAP (ARS),,Pennsylvania,United States,Active,1.93084436,0.21399477,4205.55787708811,959379.710501199
299,300,2508,AF Reserve,Westover ARB,,Massachusetts,United States,Active,11.89019596,3.73008144,26639.5375480795,17615126.3572029
300,301,2513,AF Active,Pillar Point AFS,,California,United States,Active,1.93371248,0.09906553,4012.2944422562,408351.686033311
301,302,2515,AF Active,Vandenberg Main Base,,California,United States,Active,97.65642847,154.77135302,195856.313078317,594654609.794428
302,303,2517,AF Active,Buckley AFB,,Colorado,United States,Active,13.01986607,5.17886,28139.1648225606,22690955.390545897
303,304,2518,AF Reserve,Homestead ARB,,Florida,United States,Active,13.02372709,4.60854128,23588.895561065,14712423.344018802
305,306,2521,AF Active,New Boston Air Station,,New Hampshire,United States,Active,9.25955043,4.51049368,21056.425164604298,21806815.2273839
306,307,2522,AF Reserve,Niagara Falls,,New York,United States,Active,7.01311971,0.98617091,16058.4848001626,4795074.59692391
307,308,2524,AF Active,Schriever AFB,,Colorado,United States,Active,11.66857618,8.47225658,24924.814670891203,36186097.0406788
308,309,2528,AF Active,Davis Monthan AFB,,Arizona,United States,Active,24.07198502,16.49827831,47009.120227866,59798638.47004879
309,310,2529,AF Active,Langley AFB,,Virginia,United States,Active,21.47567299,4.86093879,44715.7087579665,19819836.2011299
310,311,2531,AF Active,Tyndall AFB,,Florida,United States,Active,118.35630097,45.24040184,225397.81819547102,156898876.49608
311,312,2545,AF Active,White Bluff,,Washington,United States,Active,1.79215737,0.12879417,4444.1814208275,736074.111677681
312,313,2546,AF Active,Cusick Survival Training Site,,Washington,United States,Active,1.93270688,0.11752687,4833.90190513371,691401.494705252
313,314,2550,AF Active,Fairchild AFB,,Washington,United States,Active,14.39328688,6.61378044,35274.810040182005,37677886.7747779
314,315,2551,AF Active,Charleston AFB,Joint Base Charleston,South Carolina,United States,Active,15.94819967,4.73353742,31349.765346635602,17438631.0537792
315,316,2553,AF Active,Joint Base Charleston North Yard,Joint Base Charleston,South Carolina,United States,Active,1.06825756,0.03300759,2099.82488626898,121535.409862965
316,317,2555,AF Active,Charleston Defense Fuel Support Point,Joint Base Charleston,South Carolina,United States,Active,1.37824709,0.06946084,2711.0468934802398,255975.37312335102
317,318,2556,AF Active,Joint Base Charleston Naval Weapons Station,Joint Base Charleston,South Carolina,United States,Active,77.84501672,26.43353981,153076.874644358,97521241.13504359
318,319,2557,AF Active,Joint Base Charleston Short Stay,Joint Base Charleston,South Carolina,United States,Active,2.12930988,0.09612861,4222.517421323139,356998.01839135896
319,320,2558,AF Active,North Air Force Auxiliary Field,Joint Base Charleston,South Carolina,United States,Active,12.85026608,3.5077519999999995,25573.4237813615,13130419.991464099
320,321,2561,AF Active,Little Rock AFB,,Arkansas,United States,Active,14.60126902,9.71379196,29630.7171875731,37493115.3630298
321,322,2564,AF Active,Maxwell AFB Gunter Annex,,Alabama,United States,Active,6.02781658,0.59023271,11866.9700504916,2150856.98567602
322,323,2567,AF Active,Maxwell AFB,,Alabama,United States,Active,9.61208808,3.63838956,18795.0737706752,13251616.2571693
323,324,2568,AF Active,Altus AFB,,Oklahoma,United States,Active,14.6589949,6.39362365,29349.967269301498,24535958.7090861
324,325,2574,AF Active,Columbus Auxiliary Airfield,,Mississippi,United States,Active,6.76446487,1.41000299,13312.3372463163,5199333.12277505
325,326,2575,AF Active,Columbus AFB,,Mississippi,United States,Active,11.96089694,6.8601769,23802.614589930497,25702325.6765219
326,327,2577,AF Active,Goodfellow AFB,,Texas,United States,Active,5.71761646,1.68714349,11091.6211300175,6020376.03770676
327,328,2584,AF Active,Lackland Training Annex,Joint Base San Antonio,Texas,United States,Active,10.01285806,6.20617017,18855.247711346,21238465.9202488
328,329,2585,AF Active,Lackland AFB,Joint Base San Antonio,Texas,United States,Active,13.39987668,4.13361456,25184.493019687,14150797.3850552
329,330,2587,AF Active,Vance AFB,,Oklahoma,United States,Active,12.95639316,5.32526778,26533.1427573037,21298201.3087707
330,331,2588,AF Active,Kegelman Air Force Auxiliary Field,,Oklahoma,United States,Active,7.88828531,1.9189984,16116.3412744295,7753845.57966079
331,332,2593,AF Active,Bellows,,Hawaii,United States,Active,5.40831439,0.6427876,9401.38090473584,1929049.06235788
332,333,2598,AF Active,Luke Air Force Auxiliary Field No 1,,Arizona,United States,Active,5.20833523,1.1827716000000001,10415.6500561132,4439021.88191798
333,334,2599,AF Active,Gila Bend Air Force Auxiliary Field,,Arizona,United States,Active,7.41839854,3.14372097,14524.7161339568,11579261.294065699
334,335,2600,AF Active,Luke Waste Annex,,Arizona,United States,Active,0.93154291,0.05695777,1846.8715077356799,212894.09021472
335,336,2601,AF Active,The Barry M Goldwater Air Force Range,,Arizona,United States,Active,227.56861509,1640.94082567,449895.75336991297,6011062623.005179
336,337,2602,AF Active,Luke AFB,,Arizona,United States,Active,18.59304004,4.54293907,36938.3252711879,16979511.0753965
337,338,2636,AF Active,Fort Richardson,Joint Base Elmendorf - Richardson,Alaska,United States,Active,78.52652418,93.34278088,261351.66522680302,1042266327.5535301
338,339,2637,AF Active,Elmendorf AFB,Joint Base Elmendorf - Richardson,Alaska,United States,Active,19.79301824,17.07431075,65893.1340754394,190701058.673863
339,340,2663,AF Active,Yukon Weapons Range,,Alaska,United States,Active,27.83782608,34.78530348,101734.733417319,493808725.206292
340,341,2669,AF Active,Birch Lake Recreation Annex,,Alaska,United States,Active,2.03649307,0.07970144,7458.3856745555295,1094463.8626555
341,342,2675,AF Active,Eielson AFB,,Alaska,United States,Active,41.45166079,31.00252335,151908.867685264,436963305.183635
342,343,2676,AF Active,Eareckson AS,,Alaska,United States,Active,16.96804743,5.45947725,46094.599098330094,38473957.1184164
343,344,2769,AF Guard,Alpena County Regional Airport,,Michigan,United States,Active,5.81985922,0.85512122,13608.6140137175,4442562.6611773
344,345,2772,AF Guard,Atlantic City IAP,,New Jersey,United States,Active,3.86036065,0.46246532,8301.70924804761,2011326.70886889
345,346,2777,AF Guard,Bangor IAP,,Maine,United States,Active,4.81304066,0.42377862,11255.230452506,2181404.00137824
346,347,2778,AF Guard,Boise Air Terminal,,Idaho,United States,Active,6.10816747,0.9191414000000001,14086.9205931771,4534410.98730623
347,348,2779,AF Guard,Bradley IAP,,Connecticut,United States,Active,2.37862622,0.23060368,5297.10922455134,1080071.56496625
348,349,2782,AF Guard,Channel Islands ANG Station,,California,United States,Active,2.69661038,0.32236853,5310.29225568565,1221825.42464522
349,350,2783,AF Guard,Charlotte/Douglas IAP,,North Carolina,United States,Active,1.92858881,0.16333019,3902.66736275747,635217.035209386
350,351,2785,AF Guard,Cheyenne Regional Airport,,Wyoming,United States,Active,1.61995915,0.10400657,3602.93847876176,475703.24735019996
351,352,2787,AF Guard,Forbes Field ANG,,Kansas,United States,Active,2.61955479,0.27333547,5569.93684916236,1172504.25237803
352,353,2795,AF Guard,Fort Smith Map,,Arkansas,United States,Active,1.74866712,0.18078243,3538.8430599434205,705247.905036832
353,354,2804,AF Guard,Francis S Gabreski Airport,,New York,United States,Active,1.55114703,0.12961243,3398.57357962139,587043.137925079
354,355,2810,AF Guard,Fresno Yosemite International ANG,,California,United States,Active,1.76514843,0.12051507,3706.86307868445,487323.66626201896
355,356,2811,AF Guard,Great Falls IAP,,Montana,United States,Active,2.26656673,0.20885517,5536.05029732106,1183414.25895843
356,357,2813,AF Guard,Hancock Field,,New York,United States,Active,3.69960181,0.42186999,8526.99121406005,2050549.72064353
357,358,2817,AF Guard,Hector IAP,,North Dakota,United States,Active,3.62269995,0.39879297,8766.72727710187,2212524.3169544
358,359,2819,AF Guard,Jacksonville IAP,,Florida,United States,Active,3.48761262,0.53484249,6698.842709576989,1871460.25989102
359,360,2820,AF Guard,Jackson IAP Thompson Field,,Mississippi,United States,Active,3.18635924,0.18841526,6204.21956615338,685359.601593752
360,361,2826,AF Guard,Kingsley Field Cantonement Site 1,,Oregon,United States,Active,3.28800642,0.24886542,7368.15944472332,1173829.31825394
361,362,2829,AF Guard,Louisville IAP-Standiford FL Site 1,,Kentucky,United States,Active,1.52012828,0.11845742,3192.3791231850605,497282.23691820604
363,364,2836,AF Guard,Site 1 Cantonement Area,,Ohio,United States,Active,2.29287661,0.11022888,5042.60232005962,498869.451479888
364,365,2837,AF Guard,Martin State Airport,,Maryland,United States,Active,2.79530963,0.27366956,5996.31651357995,1186354.99116758
365,366,2838,AF Guard,McEntire Joint National Guard Base,,South Carolina,United States,Active,11.15962031,3.73434117,22219.821643314503,14082551.1615423
366,367,2839,AF Guard,McGhee Tyson Airport,,Tennessee,United States,Active,4.81290706,0.56671413,9799.97525297338,2236667.86646356
367,368,2840,AF Guard,Memphis IAP,,Tennessee,United States,Active,1.97503922,0.18570996,3966.44094399868,718910.1254451929
368,369,2843,AF Guard,Gen Mitchell IAP,,Wisconsin,United States,Active,1.59741204,0.10270726,3594.21899127854,496622.153172402
369,370,2850,AF Guard,Montgomery Regional Airport ANGB,,Alabama,United States,Active,1.88042428,0.09895828,3722.77337010766,359808.80765940296
370,371,2852,AF Guard,Nashville IAP,,Tennessee,United States,Active,1.5909501,0.13740321,3247.63358721662,546386.8254626971
371,372,2853,AF Guard,New Castle Airport,,Delaware,United States,Active,2.13090153,0.12085951,4552.70061895431,529234.054514727
372,373,2854,AF Guard,Otis ANG Base,,Massachusetts,United States,Active,8.20949827,1.07957185,18252.4638443265,5011277.26395542
373,374,2855,AF Guard,Pease ANGB,,New Hampshire,United States,Active,2.9033002,0.33578116,6578.30612298272,1631400.73947092
374,375,2856,AF Guard,Pittsburgh IAP (ANG),,Pennsylvania,United States,Active,4.00452124,0.45177954,8738.435998166271,2024920.33444308
375,376,2858,AF Guard,Portland IAP ANG,,Oregon,United States,Active,2.77056327,0.34638220000000003,6594.5204412799,1830992.10569246
376,377,2859,AF Guard,Quonset State Airport,,Rhode Island,United States,Active,2.24476347,0.16253112,4979.0907607952395,753312.313978286
377,378,2861,AF Guard,Reno Tahoe IAP,,Nevada,United States,Active,1.31415086,0.09400832,2833.30503809344,409464.20580169704
378,379,2862,AF Guard,Rickenbacker,,Ohio,United States,Active,3.17840196,0.26336079,6855.520186660639,1157447.08432085
379,380,2866,AF Guard,Rosecrans MAP (139AG),,Missouri,United States,Active,1.70570787,0.139619,3668.6734070718603,612790.318015081
380,381,2871,AF Guard,Salt Lake City IAP,,Utah,United States,Active,2.10467974,0.21874313,4558.360105901529,989331.3487149641
381,382,2875,AF Guard,Savannah/Hilton Head IAP,,Georgia,United States,Active,4.68716859,0.32225043,9167.95575168602,1167138.17126197
382,383,2878,AF Guard,Schenectady ANG MAP,,New York,United States,Active,2.44305308,0.19697492,5512.53444396802,949716.478592357
383,384,2879,AF Guard,Selfridge ANGB,,Michigan,United States,Active,11.976310400000001,4.84474071,26963.115087745,23180355.848569397
384,385,2880,AF Guard,Sioux Gateway Airport (ANG),,Iowa,United States,Active,1.85965053,0.11980777,4152.40820022133,569291.381968313
385,386,2884,AF Guard,Joe Foss Field,,South Dakota,United States,Active,1.98740466,0.14433221,4577.5931248240995,712421.3596751691
386,387,2886,AF Guard,Sky Harbor IAP,,Arizona,United States,Active,1.42847234,0.09408599,2843.46120868851,350766.489987921
387,388,2887,AF Guard,Smoky Hill ANG Range,,Kansas,United States,Active,38.01773609,53.03493845,80621.1585759362,225831464.33542702
388,389,2889,AF Guard,Springfield Beckley,,Ohio,United States,Active,2.73583697,0.20672733,5951.79819794538,909496.7290241991
389,390,2890,AF Guard,Stewart IAP,,New York,United States,Active,2.74601337,0.40548721,6103.84349509411,1873879.45147156
390,391,2892,AF Guard,Truax ANGB,,Wisconsin,United States,Active,2.78801687,0.23109196,6320.82052934626,1124278.10296107
391,392,2893,AF Guard,Tulsa IAP,,Oklahoma,United States,Active,2.28947442,0.15614886,4689.61979458378,622596.1518374521
392,393,2894,AF Guard,Tucson IAP,,Arizona,United States,Active,1.76995688,0.14661982,3458.93588952141,531091.16004398
393,394,2895,AF Guard,Volk ANGB,,Wisconsin,United States,Active,10.88799346,3.46476952,25246.656131139,17309517.0358818
394,395,2898,AF Guard,Will Rogers World Airport,,Oklahoma,United States,Active,1.78869294,0.21183731,3624.13082406841,827738.158903673
395,396,2899,AF Guard,W K Kellogg,,Michigan,United States,Active,3.00675032,0.21872001,6783.932166482471,1036678.60533537
396,397,2903,AF Guard,Yeager Airport,,West Virginia,United States,Active,2.20015732,0.19296441,4624.99224275242,814393.0683461321
397,398,2904,AF Guard,Des Moines IAP,,Iowa,United States,Active,2.6823807,0.25286069,5958.040595182651,1170091.61213182
398,399,2905,AF Guard,Duluth IAP,,Minnesota,United States,Active,3.62073643,0.23824589,8684.920284960479,1318434.76791975
399,400,2910,AF Guard,General Wayne A Downing Peoria IAP,,Illinois,United States,Active,3.62388193,0.5651210999999999,7939.613802518341,2546083.09119762
400,401,2912,AF Guard,EWVRA Shepherd Field,,West Virginia,United States,Active,4.96366638,0.4879501,10746.243834596,2119656.61260509
401,402,2915,AF Guard,Hulman Fld,,Indiana,United States,Active,1.54130418,0.10847939999999999,3298.4889482422304,471872.374343768
402,403,2917,AF Guard,Toledo/Exp Airport,,Ohio,United States,Active,2.79467094,0.21127579999999999,6222.1918834402895,978927.502932441
403,404,2918,AF Active,Dix,Joint Base McGuire - Dix - Lakehurst,New Jersey,United States,Active,54.00688149,48.42194574,117271.13034468699,213988762.49673
404,405,2920,AF Active,Lakehurst,Joint Base McGuire - Dix - Lakehurst,New Jersey,United States,Active,19.03346649,11.62878241,41616.6216549261,51425864.8750125
405,406,2922,AF Active,MacDill AFB,,Florida,United States,Active,14.38182786,8.90105922,26699.4746209268,29597867.632119898
406,407,2923,AF Active,McConnell AFB,,Kansas,United States,Active,15.32663449,4.14093277,32121.3995635777,17126535.5810908
407,408,2927,AF Active,Scott AFB,,Illinois,United States,Active,13.67213131,4.53168279,29196.773732502403,19214358.967536103
408,409,2928,AF Active,St Louis Air Force Station,,Missouri,United States,Active,1.21329635,0.04871351,2572.98807337153,206828.80051972897
409,410,2929,AF Guard,Barnes Map (ANG),,Massachusetts,United States,Active,1.96591611,0.17294544,4369.41408446488,815965.6487663321
410,411,2932,AF Guard,Birmingham Airport,,Alabama,United States,Active,4.14696304,0.21035001,8237.09328096912,786832.290315759
411,412,2934,AF Guard,Burlington IAP,,Vermont,United States,Active,4.0860007000000005,0.38757946,9538.63561450192,1971763.49128698
412,413,2936,AF Guard,Capital Airport,,Illinois,United States,Active,1.8553526999999999,0.14707993,3981.38989324995,647052.9654477129
413,414,2937,AF Guard,Ellington Field,,Texas,United States,Active,3.34216296,0.33317385,6294.26562573593,1145693.92014096
414,415,2943,AF Guard,Gulfport-Biloxi Regional Airport (ANG),,Mississippi,United States,Active,2.0989619999999998,0.1685382,3983.0383902534995,588822.967375752
415,416,2946,AF Guard,Lincoln Map,,Nebraska,United States,Active,2.00348056,0.17831156,4396.2325842523,807718.965278812
416,417,2947,AF Active,Medical Center Annex,Joint Base San Antonio,Texas,United States,Active,2.72631071,0.30593066,5181.42975035051,1048814.19806876
417,418,2948,AF Active,JBSA Sam Houston,Joint Base San Antonio,Texas,United States,Active,16.5269834,4.24911492,31289.3371606416,14566909.1168501
418,419,2950,AF Active,Camp Bullis Training Annex,Joint Base San Antonio,Texas,United States,Active,35.11808797,43.72598199,66385.45905778,150583941.16232902
419,420,2951,AF Active,Seguin Auxiliary Field,Joint Base San Antonio,Texas,United States,Active,9.50407424,1.49755612,17999.2039550197,5144502.17847502
420,421,2952,AF Active,Kelly AFB,Joint Base San Antonio,Texas,United States,Active,13.83437218,2.93206231,26046.977851009502,10036867.2481406
421,422,2953,AF Active,Kelly Field Annex,Joint Base San Antonio,Texas,United States,Active,11.04816092,3.3418365,20824.7918897499,11438741.6539788
422,423,2954,AF Active,Canyon Lake Recreation Annex,Joint Base San Antonio,Texas,United States,Active,3.21804597,0.59896811,6076.769532800699,2070648.86195934
423,424,2955,AF Active,Randolph AFB,Joint Base San Antonio,Texas,United States,Active,16.99211849,4.5043611,32130.7606381198,15463013.5878002
424,425,2963,Army Guard,NG Sparta Armory,,Illinois,United States,Active,13.35758693,4.11467525,28024.7129486314,17264901.140696302
425,426,3027,Army Guard,NG Atlanta - Confederate Ave,,Georgia,United States,Active,2.30970448,0.10686207,4565.869751378929,401116.92126659706
426,427,3054,Army Guard,NG Duluth NG Armory,,Minnesota,United States,Active,0.40576643,0.01075931,980.0380002627879,59516.5930899321
427,428,3056,Army Guard,NG Camp Joseph T Robinson,,Arkansas,United States,Active,37.22093134,51.75645043,74994.5047706052,199749490.271174
428,429,3080,Army Guard,NG Camp Fogarty Tng Site,,Rhode Island,United States,Active,4.12075797,0.58829444,9115.69133497658,2728225.20236974
429,430,3085,Army Guard,NG MTA Camp Crowder Neosho,,Missouri,United States,Active,17.96236907,6.71082639,37032.877342818996,27155687.95984
430,431,3097,Army Guard,NG Collegeville FMS 4,,Pennsylvania,United States,Active,1.17466434,0.08080989,2568.91231221013,359325.63719618396
431,432,3111,Army Guard,NG Bismarck RJB Complex,,North Dakota,United States,Active,2.34698038,0.1309335,5738.30015965472,724167.890644927
432,433,3130,Army Guard,NG Camp Niantic,,Connecticut,United States,Active,2.25538866,0.12721559999999998,4974.6215423656,584855.781426454
433,434,3131,Army Guard,NG Camp Hartell,,Connecticut,United States,Active,1.44216235,0.09039005,3239.40688602901,423445.816343625
434,435,3132,Army Guard,NG Stones Ranch Military Res,,Connecticut,United States,Active,14.0614345,2.91240409,30936.5559551389,13403129.6655961
435,436,3146,Army Guard,NG Jackson Bks,,Louisiana,United States,Active,4.08727224,0.18652636,7696.519992884209,645805.97059477
436,437,3166,Army Guard,NG Bergstrom - (Abia),,Texas,United States,Active,1.17456478,0.0937977,2236.2573086740804,326154.18297168
437,438,3168,Army Guard,NG Martindale - AASF,,Texas,United States,Active,2.37904298,0.32936286,4488.04508002732,1128506.54487596
438,439,3170,Army Guard,NG Orchard Mates Boise,,Idaho,United States,Active,4.51784953,0.33898085,10446.5063911198,1658116.05893348
439,440,3172,Army Guard,NG Orchard Combat Training Center,,Idaho,United States,Active,72.12018494,224.04205621,164590.181888489,1093451944.0659301
440,441,3182,Army Guard,NG Bend Cotef,,Oregon,United States,Active,1.92589058,0.24647883,4445.18662408248,1235068.51765509
441,442,3183,Army Guard,NG Biak Training Center COUTES,,Oregon,United States,Active,52.04252063,44.69652295,119768.51287275199,225283439.976619
442,443,3197,Army Guard,NG MTCH Camp Guernsey,,Wyoming,United States,Active,131.36312209,123.23180463,295060.836851227,584514953.08372
443,444,3233,Army Guard,NG Camp Dodge Johnston TS,,Iowa,United States,Active,213.55074251,51.655343200000004,475818.912286514,240999560.82922202
444,445,3237,Army Guard,NG Marseilles (MTA Tng Area),,Illinois,United States,Active,10.69083675,4.46138328,23634.848362514,20482832.7381217
445,446,3243,Army Guard,NG Camp Minden Training Site,,Louisiana,United States,Active,23.49265426,23.44438486,46610.7769956242,85719457.59705059
446,447,3244,Army Guard,NG Beightler Armory,,Ohio,United States,Active,0.65483308,0.02723424,1414.42674916477,120654.75142571301
447,448,3249,Army Guard,NG Auburn Training Site,,Maine,United States,Active,3.1868109000000002,0.27550695,7380.89748499592,1383332.36549408
448,449,3250,Army Guard,NG Hollis Plains Training Site,,Maine,United States,Active,3.48767224,0.64282798,7931.4712024711,3183053.35169128
449,450,3276,Army Guard,NG Buckeye TS,,Arizona,United States,Active,8.93831033,2.34453102,17485.3682506897,8748463.49763859
450,451,3277,Army Guard,NG Camp Navajo,,Arizona,United States,Active,29.45875719,44.22871071,59818.71077843651,171922265.781859
451,452,3286,Army Guard,NG Hollidaysburg Readiness Center,,Pennsylvania,United States,Active,0.93422328,0.03497157,2039.1098051473898,156532.911028855
452,453,3322,Army Guard,NG Thunderbird Youth Academy,,Oklahoma,United States,Active,5.65304877,0.8262292999999999,11684.2855420924,3300912.47633409
453,454,3323,Army Guard,NG Camp Gruber,,Oklahoma,United States,Active,38.68109414,52.31582472,78195.7993104749,205894578.74105301
454,455,3331,Army Guard,NG Fort McClellan ARNG Tng Center,,Alabama,United States,Active,5.8097707000000005,0.79923366,11573.6515365759,3000765.67879782
455,456,3333,Army Guard,NG Fort Chaffee MTC,,Arkansas,United States,Active,82.34844951,101.75103068,167345.13203674302,396115087.501971
456,457,3337,Army Guard,NG Pelham Range Training Site - Fort McClellan,,Alabama,United States,Active,25.51423338,34.72625367,50889.770577109804,130335343.459614
457,458,3342,Army Guard,NG MTA Camp Clark Nevada,,Missouri,United States,Active,5.73416917,1.96980447,12151.989555698101,8189607.37579195
458,459,3346,Army Guard,NG Nashville,,Tennessee,United States,Active,1.74417681,0.10290826,3551.60059788567,409092.69674604206
459,460,3357,Army Guard,NG VTS Milan,,Tennessee,United States,Active,20.6102512,3.89062931,41853.2132772415,15383842.790217498
460,461,3366,Army Guard,NG Oglethorpe Armory,,Georgia,United States,Active,1.11264814,0.05061777,2218.37694812796,189540.524029339
461,462,3367,Army Guard,NG Carville Gillis Long Center,,Louisiana,United States,Active,3.02134805,0.55599906,5730.987816018221,1934301.35182664
462,463,3368,Army Guard,NG Esler Field,,Louisiana,United States,Active,9.28964789,3.3394483999999998,17937.288610988202,11907376.600271601
463,464,3395,Army Guard,NG Arden Hills Army Training Site,,Minnesota,United States,Active,8.07315006,2.34352354,18929.3576337004,12179601.3420259
464,465,3403,Army Guard,NG Bangor Training Site,,Maine,United States,Active,4.17443097,0.32135006,9700.277998095129,1653662.55470482
465,466,3415,Army Guard,NG Fort Indiantown Gap,,Pennsylvania,United States,Active,41.43605759,26.99192652,90674.9467472819,120803594.20944199
466,467,3434,Army Guard,NG Springfield AVCRAD (New),,Missouri,United States,Active,1.69441782,0.16758983,3530.15519474789,686341.7585781821
467,468,3439,Army Guard,NG MTA Camp Shelby,,Mississippi,United States,Active,109.76437067,216.30440833,211570.565322427,766339119.0995231
468,469,3440,Army Guard,NG CTA Camp Mccain,,Mississippi,United States,Active,27.846907799999997,20.27045612,55390.0112437004,76066857.6033822
469,470,3461,Army Guard,NG Fort Worth - Shoreview,,Texas,United States,Active,1.80601272,0.12970376,3570.45828392438,476546.20519734896
470,471,3464,Army Guard,NG Alcantra Armory Complex,,Alaska,United States,Active,3.02871493,0.50008399,10131.429259385,5705637.73502
471,472,3492,Army Guard,NG Rickenbacker (MTA),,Ohio,United States,Active,1.79870376,0.19398320000000002,3881.55927347851,852333.344343618
472,473,3509,Army Guard,NG RW Shepherd Hope Hull,,Alabama,United States,Active,2.13542644,0.10807432,4152.72956295891,392801.48200648796
473,474,3528,Army Guard,NG Hammond Airport,,Louisiana,United States,Active,2.06225862,0.15859909,3948.26076484141,555368.598449614
474,475,3529,Army Guard,NG Camp Beauregard,,Louisiana,United States,Active,7.36266735,1.12165463,14330.788744788,3997898.75198231
475,476,3538,Army Guard,NG MTA Clarks Hill Reservation,,South Carolina,United States,Active,13.51804618,1.35364902,26914.1318993808,5089532.99990565
476,477,3546,Army Guard,NG Mead TS/FMS 06/Utes 02,,Nebraska,United States,Active,6.08187224,1.86137173,13430.818749598999,8521607.208446201
477,478,3547,Army Guard,NG Camp Ashland,,Nebraska,United States,Active,7.23770611,1.63072717,15787.7818451195,7440105.56148823
478,479,3548,Army Guard,NG Greenlief TS/UTES 01,,Nebraska,United States,Active,10.01845917,5.14415871,21699.1760210729,23097912.748249803
479,480,3556,Army Guard,NG Bethel ARM FMS,,Alaska,United States,Inactive,0.32327446,0.00577393,1060.33526958362,62594.314709263206
480,481,3580,Army Guard,NG Papago Military Reservation,,Arizona,United States,Active,4.50199573,0.6099293,9017.14844697743,2276084.21185763
481,482,3581,Army Guard,NG Picacho Aviation TS,,Arizona,United States,Active,2.96368502,0.51344293,5816.39886301371,1881634.14295956
482,483,3604,Army Guard,NG Grayling Airfield,,Michigan,United States,Active,4.96602298,1.44081907,11533.404397622,7382013.91425337
483,484,3659,Army Guard,NG Santa Fe - Onate Complex TS,,New Mexico,United States,Active,3.4606317000000004,0.51806938,7116.58103674087,2032434.99090249
484,485,3677,Army Guard,NG Fort Wolters,,Texas,United States,Active,20.80763387,6.38768009,40812.0179030087,23514447.5960579
485,486,3679,Army Guard,NG Camp Bowie (State),,Texas,United States,Active,14.55608093,7.94648759,28143.624434684,28481653.121092796
486,487,3685,Army Guard,NG River Road Training Site,,Delaware,United States,Active,2.33556003,0.29793851,5025.68616450839,1302666.18375539
487,488,3686,Army Guard,NG TS BBTS,,Delaware,United States,Active,1.55724515,0.156022,3309.3821015983503,661645.452159127
488,489,3692,Army Guard,NG SMD,,Alabama,United States,Active,1.24305785,0.10444374,2441.3552232195702,380592.366856478
489,490,3705,Army Guard,NG General Lucius D Clay National Guard Center,,Georgia,United States,Active,2.15730372,0.16453405,4331.8836010338,620337.267792072
490,491,3706,Army Guard,NG Macon Readiness Center,,Georgia,United States,Active,0.83216291,0.04500699,1633.92675740364,165667.518506024
492,493,3714,Army Guard,NG HMO3 (Snake Creek TS),,Florida,United States,Active,2.99821052,0.49819885,5452.57491915886,1602891.34175358
493,494,3731,Army Guard,NG Springfield (TS Cp Lincoln),,Illinois,United States,Active,2.46815507,0.2562384,5244.48732232635,1126480.32369275
494,495,3746,Army Guard,NG Camp Ripley,,Minnesota,United States,Active,91.52429311,82.43455153,218871.18223153302,445727233.251771
495,496,3767,Army Guard,NG Silver Bell Army Heliport,,Arizona,United States,Active,2.14916014,0.25022128,4234.37028740308,914128.14912712
496,497,3769,Army Guard,NG Florence Military Reservation,,Arizona,United States,Active,24.73403119,9.83201905,48641.584855533096,36384145.8099413
497,498,3776,Army Guard,NG Lane County AFRC FMS 5,,Oregon,United States,Active,0.98447716,0.03507817,2310.93071742629,176006.799834405
498,499,3808,Army Guard,NG Camp Villere,,Louisiana,United States,Active,6.40481827,2.3082715,12186.4809975803,8050172.09835606
499,500,3838,Army Guard,NG MTA Camp Butner,,North Carolina,United States,Active,12.78003577,7.67854008,26269.574254235602,30603785.417256203
500,501,3839,Army Guard,NG Raleigh,,North Carolina,United States,Active,2.02012792,0.12619144,4136.55388734392,498013.876838845
501,502,3855,Army Guard,NG Muscatatuck Urban Training Center,,Indiana,United States,Active,6.72174385,1.50150396,14469.1982071891,6457379.53855095
502,503,3858,Army Guard,NG Knightstown,,Indiana,United States,Active,3.98199214,0.60557005,8615.58976970785,2658222.8297415003
503,504,3859,Army Guard,NG Camp Atterbury,,Indiana,United States,Active,41.2768468,54.70204954,87810.8819721809,236892178.677302
504,505,3862,Army Guard,NG Indianapolis 38 ID,,Indiana,United States,Active,1.0507801,0.07313912,2274.33791072814,320805.243996649
505,506,3891,Army Guard,NG Camp Adair Corvallis,,Oregon,United States,Active,3.53887273,0.82438456,8291.28350280582,4228533.54047424
506,507,3892,Army Guard,NG MTA Camp Rilea,,Oregon,United States,Active,8.89484029,2.81777389,21117.3932451727,15190718.151963599
507,508,3893,Army Guard,NG Camp Withycombe Clackamas,,Oregon,United States,Active,2.04114855,0.12609311,4905.09293084842,662649.505003437
508,509,3899,Army Guard,NG Shelbyville,,Indiana,United States,Active,1.17582278,0.07214745,2558.24808614017,314952.039871267
509,510,3927,Army Guard,NG MTA Ft Wm Henry Harrison,,Montana,United States,Active,21.55054196,10.25194574,52091.0679164191,56277989.687124096
510,511,3930,Army Guard,NG Helena Aviation RC- AASF- C12,,Montana,United States,Active,1.25925768,0.09363348,3045.74751037639,513667.406242106
511,512,3932,Army Guard,NG Cumming,,Georgia,United States,Active,0.56614173,0.02044719,1127.84533117547,77653.8759430485
512,513,3936,Army Guard,NG Beauregard Training Range,,Louisiana,United States,Active,23.45963311,19.71133424,45334.8284455041,70348230.6710397
513,514,3938,Army Guard,NG MTA Camp Curtis Guil,,Massachusetts,United States,Active,7.30536322,1.09810373,16313.4760818923,5242706.04087373
514,515,3940,Army Guard,NG Ayer,,Massachusetts,United States,Active,1.38868892,0.10220823,3159.35626932128,488041.581977615
515,516,3947,Army Guard,NG Lansing Joint Forces Readiness Center,,Michigan,United States,Active,1.27272813,0.09081836,2908.4486803755603,436700.886496237
516,517,4022,Army Guard,NG Camp Perry Joint Training Center,,Ohio,United States,Active,7.49106579,0.80303791,16511.6990503532,3715882.61886846
517,518,4039,Army Guard,NG Edgemeade TS Mtn Home,,Idaho,United States,Active,2.18142403,0.23233542,4980.0277428326,1130827.17593466
518,519,4041,Army Guard,NG AASF02 Birmingham,,Alabama,United States,Active,0.75405387,0.03481815,1489.1226780255802,130239.257090566
519,520,4050,Army Guard,NG MTC-H Camp Roberts,,California,United States,Active,43.04942674,66.57950519,87359.8494395714,262575893.185689
520,521,4051,Army Guard,NG ITC Camp San Luis Obisbo,,California,United States,Active,23.21851592,8.83557913,47193.4650217008,34466348.1566844
521,522,4077,Army Guard,NG Camp Smith Tng Site,,New York,United States,Active,8.30072676,2.48001696,18392.3843312618,11394706.6288782
522,523,4082,Army Guard,NG Camp Ravenna Joint Military Training Center,,Ohio,United States,Active,27.98837304,33.88266775,62734.748824133094,155136449.84276798
523,524,4091,Army Guard,NG McConnelsville Training Site,,Ohio,United States,Active,5.21173618,0.70097498,11178.0419309,3067306.54358553
524,525,4099,Army Guard,NG Training Site,,New Hampshire,United States,Active,2.31373291,0.16360676,5220.903551732271,799780.090777977
525,526,4154,Army Guard,NG CTC Fort Custer Trng Center,,Michigan,United States,Active,17.68327225,11.723183599999999,39902.917599356,55537276.3313942
526,527,4159,Army Guard,NG TS AFRC Los Alamitos,,California,United States,Active,6.71506292,2.06314156,13408.5728755983,7756557.53686323
527,528,4189,Army Guard,NG Camp Sherman Joint Training Center,,Ohio,United States,Active,4.50221057,0.71215141,9721.33725323054,3089116.10556247
528,529,4195,Army Guard,NG McNary Field Salem AASF,,Oregon,United States,Active,2.26390817,0.1240287,5240.23629459347,640512.675237246
530,531,4216,Army Guard,NG Bog Brook Training Site,,Maine,United States,Active,5.18572211,0.32564175,12211.0532029091,1652279.56459228
531,532,4234,Army Guard,NG TS Ike Skelton Jefferson City,,Missouri,United States,Active,3.87773452,0.73617051,8336.01892471539,3122228.93307694
532,533,4236,Army Guard,NG TS Clark Natl Forest Wapp,,Missouri,United States,Active,9.67342612,3.1987162999999996,20174.4142105684,12976560.6815568
533,534,4237,Army Guard,NG Macon TS,,Missouri,United States,Active,22.09688508,4.80757307,47526.6345442814,21043956.8661712
534,535,4336,Army Guard,NG MTA Limestone Hills,,Montana,United States,Active,29.45076375,33.30838897,70422.0192540881,180512631.503062
535,536,4342,Army Guard,NG Cambridge Springs,,Pennsylvania,United States,Active,2.19027247,0.16570191,4855.17173306527,772697.444268395
536,537,4355,Army Guard,NG Johnson City Gray,,Tennessee,United States,Active,1.6389087,0.16765596,3378.8291841965997,671956.401083954
537,538,4379,Army Guard,NG MTA Camp Edwards,,Massachusetts,United States,Active,36.953039700000005,32.11642959,81942.1154095012,149331098.65998602
538,539,4395,Army Guard,NG St Cloud NG Armory,,Minnesota,United States,Active,0.47940595,0.01012664,1155.36318278042,53504.3303360109
539,540,4402,Army Guard,NG Las Cruces,,New Mexico,United States,Active,2.17655116,0.14605195,4239.25563357836,530702.420162063
540,541,4404,Army Guard,NG Rio Rancho TS,,New Mexico,United States,Active,1.84489447,0.18650518,3716.6763005902794,728144.472191097
541,542,4459,Army Guard,NG MTC-H Camp Grayling,,Michigan,United States,Active,283.58169793,228.79220565,661581.191697605,1172455228.49222
542,543,4497,Army Guard,NG TS Ethan Allen Range,,Vermont,United States,Active,18.73483696,17.30767006,43784.0692110417,88042010.1787003
543,544,4513,Army Guard,NG Jackson County AFRC,,West Virginia,United States,Active,5.26408832,0.56327436,11245.3112647418,2411791.04485742
544,545,4521,Army Guard,NG Norman CSMS,,Oklahoma,United States,Active,1.28003708,0.0637749,2589.38292521438,248321.759121372
545,546,4534,Army Guard,NG Muskogee AFRC,,Oklahoma,United States,Active,1.45846706,0.09100438,2941.40054383349,357820.72848725703
546,547,4537,Army Guard,NG Baton Rouge AFRC,,Louisiana,United States,Active,1.76793402,0.07949045,3378.59391108097,277427.08419474197
547,548,4540,Army Guard,NG St Cloud AASF,,Minnesota,United States,Active,1.13403848,0.08370848,2696.37194452169,441871.709662256
548,549,4545,Army Guard,NG Rochester NGA and OMS 2,,Minnesota,United States,Active,0.57179585,0.01782066,1336.32474076842,89210.4610260683
549,550,4546,Army Guard,NG Rosemount NG Armory,,Minnesota,United States,Active,0.56147155,0.01875397,1306.18904527481,96303.8697052128
550,551,4569,Army Guard,NG Lincoln AASF/Readiness Center,,Nebraska,United States,Active,1.41407174,0.10204771,3129.7309601453803,462198.00937909103
551,552,4570,Army Guard,NG Grand Island AASF/RC,,Nebraska,United States,Active,1.04771756,0.07795223,2298.92359895841,354388.438030154
552,553,4593,Army Guard,NG Gulfport AVCRAD,,Mississippi,United States,Active,1.6492658,0.10448450000000001,3129.9285605099603,365080.452651563
553,554,4607,Army Guard,NG Westminster Training Site,,Vermont,United States,Active,1.39748781,0.07495596,3194.1135274241497,364137.15669577604
554,555,4620,Army Guard,NG Camp Grafton,,North Dakota,United States,Active,39.21101987,18.11781989,96551.70927904731,103818543.01818101
555,556,4626,Army Guard,NG Oklahoma Military Department,,Oklahoma,United States,Active,1.75144767,0.08793367,3524.9145265171796,344407.336870145
556,557,4627,Army Guard,NG Lexington AASF No 1,,Oklahoma,United States,Active,4.03129299,0.47358548,8135.510965600741,1833328.94735082
557,558,4634,Army Guard,NG Sea Girt NJ NGTC,,New Jersey,United States,Active,2.38799542,0.27220755,5174.5883813745095,1207163.98937763
558,559,4651,Army Guard,NG Lawrenceville,,New Jersey,United States,Active,1.61750645,0.12211461,3504.6382815961897,543861.07654353
559,560,4657,Army Guard,NG Camp Swift,,Texas,United States,Active,20.24228567,18.31649555,38418.4349335933,63800068.442856394
560,561,4690,Army Guard,NG Floyd Edsall Training Center,,Nevada,United States,Active,8.56167604,2.61604132,17567.6708223674,10450125.105239999
561,562,4702,Army Guard,NG Elkins AFRC,,West Virginia,United States,Active,2.17287439,0.22822979999999998,4654.37125234382,978864.3635464759
562,563,4709,Army Guard,NG Camp Murray,,Washington,United States,Active,3.79694678,0.36012408,9259.348739241,2013144.89872582
563,564,4726,Army Guard,NG Anthony Cometa Complex,,Nevada,United States,Active,1.66111534,0.09003115,3375.7592199112396,357166.55097317795
564,565,4730,Army Guard,NG Youngstown Tng Site,,New York,United States,Active,4.61779927,1.34071889,10601.45543035,6545360.21277227
565,566,4768,Army Guard,NG New Castle Readiness Center/FMS 9,,Pennsylvania,United States,Active,0.37172742,0.009215600000000001,817.8890364153709,41918.2151688085
566,567,4783,Army Guard,NG VTS Catoosa,,Georgia,United States,Active,9.74430427,2.54628306,19560.1249902323,9834557.06728532
567,568,4784,Army Guard,NG VTS Smyrna,,Tennessee,United States,Active,7.24220938,1.33363901,14854.8822484243,5290758.78992355
568,569,4797,Army Guard,NG Spring City Readiness Center,,Pennsylvania,United States,Active,1.12202011,0.08243453,2460.32935305348,366282.58479833
570,571,4833,Army Guard,NG Camp Pendleton SMR,,Virginia,United States,Active,4.09268468,0.47905218,8507.76534140207,1939620.40302533
571,572,4835,Army Guard,NG Williamstown,,West Virginia,United States,Active,2.63769526,0.16075273,5637.20839547991,697250.519094654
572,573,4870,Army Guard,NG Jackson Airport Armory,,Tennessee,United States,Active,1.2570883,0.10038864,2552.1675074794002,394110.626938293
573,574,4877,Army Guard,NG Camp Bowie - Musgrave (Fed),,Texas,United States,Active,11.19145897,6.03023797,21613.3847322884,21601785.6604882
574,575,4879,Army Guard,NG Camp Mabry,,Texas,United States,Active,3.51353317,0.57523732,6672.35406036689,2005962.32960446
575,576,4880,Army Guard,NG Camp Maxey,,Texas,United States,Active,22.80959661,10.32054302,45332.333530085,38808080.58898421
576,577,4906,Army Guard,NG Saginaw,,Texas,United States,Active,2.89218953,0.2304504,5656.13249646468,848152.25960192
577,578,4917,Army Guard,NG MTA-L Camp Williams,,Utah,United States,Active,34.06452565,37.68674035,74847.2388097474,168625923.34811598
578,579,4924,Army Guard,NG Saint George/FMS 5B,,Utah,United States,Active,1.45217811,0.10754967,2990.0906492100603,437926.707015484
579,580,4947,Army Guard,NG Bremerton,,Washington,United States,Active,1.4761594,0.12644353,3587.79923116395,718532.844416908
580,581,4959,Army Guard,NG Fort Pickett ARNG MTC,,Virginia,United States,Active,64.16128108,64.30688439,133022.254710179,261868638.154434
581,582,4970,Army Guard,NG Volkstone,,West Virginia,United States,Active,5.72896578,0.78777573,12345.261968401599,3426805.98256892
582,583,4971,Army Guard,NG CTC Camp Dawson-Kingwood,,West Virginia,United States,Active,42.37537949,12.50940937,90636.02689573789,54338863.4262496
583,584,4992,Army Guard,NG AASF Byrd Field,,Virginia,United States,Active,1.63505101,0.14217784,3425.6737091270597,585982.339838955
584,585,4993,Army Guard,NG Mitchell Complex,,South Dakota,United States,Active,1.30289084,0.09472833,3018.78859279185,470510.294348493
585,586,5010,Army Guard,NG Ethan Allen AFB MTA,,Vermont,United States,Active,4.73495996,1.02652087,11014.130509081398,5228568.9913571
586,587,5011,Army Guard,NG TS Camp Johnson,,Vermont,United States,Active,1.53965644,0.0958901,3599.6971693914898,488243.627979114
587,588,5073,Army Guard,NG Camp Williams Tomah MTA,,Wisconsin,United States,Active,2.63637616,0.17787205,6086.8807806514205,888381.1132047779
588,589,5113,Army Guard,NG Ft Ruger,,Hawaii,United States,Active,4.54397973,0.49936256,7892.287831191841,1496588.04092513
589,590,5115,Army Guard,NG Kalaeloa,,Hawaii,United States,Active,3.28122554,0.27013821,5702.15671979389,810216.473733979
590,591,5118,Army Guard,NG TS Keaukaha Mil Res,,Hawaii,United States,Active,6.70610147,0.78726665,11476.321496498898,2312582.02191798
591,592,5124,Army Guard,NG Kansas,,Kansas,United States,Active,1.5430536,0.088286,3277.7902084642305,379349.008017883
592,593,5143,Army Guard,NG Salina KS Training Center,,Kansas,United States,Active,3.26458622,0.08301531,6943.0938413638505,354374.70672218205
593,594,5204,Army Guard,NG Frankfort Boone NG Center,,Kentucky,United States,Active,6.58181753,0.55610637,13914.7963894319,2335016.53655229
594,595,5206,Army Guard,NG WH Ford Regional Tng Ctr,,Kentucky,United States,Active,56.82636697,17.56594333,119108.26636751,71984930.2427772
595,596,5207,Army Guard,NG MTA Gunpowder Military Reservation,,Maryland,United States,Active,3.21346546,0.39683503,6845.0843408500405,1725123.37651547
596,597,5209,Army Guard,NG MTA Camp Fretterd,,Maryland,United States,Active,4.25629409,0.91768655,9207.76435538896,3996837.12996836
597,598,5211,Army Guard,NG Havre De Grace Military Res,,Maryland,United States,Active,1.81023721,0.11864852,3902.92040663935,517271.40687069704
598,599,5323,Army Guard,NG West Camp,,South Dakota,United States,Active,5.04249235,1.19445672,11795.223719789099,5994844.406996201
599,600,5324,Army Guard,NG Sioux Falls Benson Rd Complex,,South Dakota,United States,Active,1.17532548,0.0888212,2709.91189313413,438657.003476541
600,601,5356,Army Guard,NG Camp Rapid,,South Dakota,United States,Active,1.45033491,0.12937848,3373.6849403537603,649479.325100854
601,602,5360,Navy Active,Imperial Beach NOLF,,California,United States,Active,7.49933392,1.88222068,14797.9727530693,6882471.14290129
602,603,5361,Navy Active,Silver Strand South,,California,United States,Active,4.25677531,0.85815758,8275.45347946268,3140311.32185991
603,604,5365,Navy Active,CNIC PMRF Barking Sands HI,,Hawaii,United States,Active,23.93613131,13.83269188,41862.8633857421,41913482.832781106
604,605,5366,Navy Active,Kamokala Ridge,,Hawaii,United States,Active,1.75419217,0.13891071,3069.37936215753,420764.78473612
605,606,5367,Navy Active,Makaha Ridge,,Hawaii,United States,Active,2.4600103,0.32285486,4309.628449574129,979193.359931908
606,607,5393,Navy Active,San Pedro Fuel Depot,,California,United States,Active,3.64191759,0.52573713,7215.9776731678085,1975721.32207123
607,608,5397,Navy Active,JBAB Anacostia Bolling,Joint Base Anacostia - Bolling,District of Columbia,United States,Active,8.67190951,1.46695792,18230.4605967554,6272455.26996031
608,609,5398,Navy Active,Aiea,Joint Base Pearl Harbor - Hickam,Hawaii,United States,Active,4.24991052,0.18263595,7389.10739083292,548175.4601366479
609,610,5405,Navy Active,Ewa,Joint Base Pearl Harbor - Hickam,Hawaii,United States,Active,15.95191438,4.88214868,27726.001479297796,14646773.3233819
610,611,5406,Navy Active,Ford Island,Joint Base Pearl Harbor - Hickam,Hawaii,United States,Active,4.07759376,0.69618895,7089.157439702471,2089307.64161044
611,612,5410,Navy Active,Honolulu,Joint Base Pearl Harbor - Hickam,Hawaii,United States,Active,9.71707007,1.51992913,16890.4529390183,4560522.53431671
612,613,5411,Navy Active,JBPHH Pearl Harbor HI,Joint Base Pearl Harbor - Hickam,Hawaii,United States,Active,26.44019343,5.53076205,45956.999007846396,16592072.7334044
613,614,5421,Navy Active,Pearl City,Joint Base Pearl Harbor - Hickam,Hawaii,United States,Active,9.66286982,0.90113404,16800.3482835875,2704995.80373747
614,615,5424,Navy Active,Wahiawa,Joint Base Pearl Harbor - Hickam,Hawaii,United States,Active,7.11309558,1.07307736,12384.851768536799,3227227.35135907
615,616,5428,Navy Active,Waipahu,Joint Base Pearl Harbor - Hickam,Hawaii,United States,Active,12.9657659,2.39339867,22540.557955713502,7182590.21096427
616,617,5431,Navy Active,NAS Lemoore CA,,California,United States,Active,29.43698735,28.68363602,60168.1888235171,114664246.89596699
617,618,5435,Navy Active,NAF El Centro,,California,United States,Active,11.84536412,4.18521119,23393.504940954303,15393093.503862698
618,619,5449,Navy Active,Holtville Carrier LS,,California,United States,Active,19.49433105,1.89598568,38914.506285867596,6975426.01423213
619,620,5451,Navy Active,NAVOBSSTA Flagstaff AZ,,Arizona,United States,Active,4.23170158,0.44851887,8576.19990173443,1743140.53615247
620,621,5457,Navy Active,Target 101 Shade Tree,,California,United States,Active,30.40928408,30.050470699999998,60054.42855240309,110830596.527753
621,622,5463,Navy Active,ALF Cabaniss,,Texas,United States,Active,7.43584124,1.48044362,13796.034623142901,4910061.12694853
622,623,5464,Navy Active,ALF Waldron,,Texas,United States,Active,10.967386,1.32579425,20274.7754927991,4391818.43292653
623,624,5465,Navy Active,NALF Goliad,,Texas,United States,Active,9.67671358,1.77579793,18097.618162553503,5989550.52286989
624,625,5487,Navy Active,Target B-16,,Nevada,United States,Active,42.94972842,43.30089688,92479.6465995129,187738505.15801698
625,626,5488,Navy Active,Target B-17,,Nevada,United States,Active,38.12624532,85.3415596,81288.1746030222,368623145.626688
626,627,5489,Navy Active,Target B-19,,Nevada,United States,Active,30.38021256,45.43320157,65906.2505956512,196083596.688062
627,628,5490,Navy Active,Target B-20,,Nevada,United States,Active,31.23794144,64.2574269,67589.17257116179,282987615.420265
628,629,5498,Navy Active,OLF Whitehouse,,Florida,United States,Active,26.36286576,7.75551929,50314.865817327096,27065636.45605
630,631,5504,Navy Active,NAS Fort Worth JRB TX,,Texas,United States,Active,10.22592192,2.68375937,19943.4282833482,9858359.02725312
631,632,5508,Navy Active,NAS JRB New Orleans LA,,Louisiana,United States,Active,12.46143426,5.26857311,23632.1888456807,18194311.285024103
632,633,5511,Navy Active,West Bank,,Louisiana,United States,Active,3.06635542,0.30661643,5844.00882933369,1061331.73842695
633,634,5512,Navy Active,NAS Key West FL,,Florida,United States,Active,62.75683769,6.12365514,112612.85253578599,19261598.630191002
634,635,5516,Navy Active,Dredgers Key-Sigsbee,,Florida,United States,Active,4.61936781,0.56045205,8290.79137810912,1762967.86701813
635,636,5517,Navy Active,Fleming Key Magazine,,Florida,United States,Active,4.674696400000001,0.46775883,8345.227145588391,1471399.32064372
636,637,5521,Navy Active,Naval Hospital,,Florida,United States,Active,0.64248908,0.02430987,1151.03667952855,76457.8416397145
637,638,5526,Navy Active,Truman Annex,,Florida,United States,Active,2.29095564,0.15867621,4110.14185025724,498883.081556544
638,639,5527,Navy Active,Trumbo Point Annex,,Florida,United States,Active,4.09484789,0.20399029,7344.90796176832,641536.429007909
639,640,5535,Navy Active,Sewage Evaporation Pond,,California,United States,Active,3.59413662,0.67341027,7450.282932339809,2686838.15003434
640,641,5547,Navy Active,Barin Field,,Alabama,United States,Active,9.4056082,1.32276048,17930.5928114594,4619503.43868573
641,642,5549,Navy Active,NOLF Brewton,,Alabama,United States,Active,5.11835413,1.02628265,9867.396750436079,3632830.13226621
642,643,5550,Navy Active,NOLF Choctaw,,Florida,United States,Active,7.86917189,2.26449666,14973.6236273622,7926900.27957046
643,644,5551,Navy Active,NOLF Evergreen,,Alabama,United States,Active,6.50657585,0.69424386,12591.2542606161,2476463.63023774
644,645,5553,Navy Active,NOLF Holley,,Florida,United States,Active,4.76609279,1.08474269,9112.91677482422,3790878.43663943
645,646,5555,Navy Active,NOLF Santa Rosa,,Florida,United States,Active,5.49460292,1.16497294,10526.924188876601,4086572.70738502
646,647,5556,Navy Active,NOLF Silverhill,,Alabama,United States,Active,5.258441099999999,0.63128234,10075.8020462971,2212315.40088452
647,648,5558,Navy Active,NOLF Spencer,,Florida,United States,Active,3.89280542,0.99083217,7455.613607935641,3476848.51427068
648,649,5559,Navy Active,NOLF Summerdale,,Alabama,United States,Active,4.29074585,0.87455448,8223.42476922165,3061492.09308998
649,650,5560,Navy Active,NOLF Wolf,,Alabama,United States,Active,5.45687663,0.65753993,10409.1663363176,2294183.92710659
650,651,5564,Navy Active,Naval Air Station Patuxent River,,Maryland,United States,Active,33.53586982,9.70071567,70903.859590237,40838073.77381071
651,652,5583,Navy Active,Naval Support Activity Orlando,,Florida,United States,Active,1.23958402,0.06458218,2322.477489474,217717.90087933603
652,653,5587,Navy Active,NOTU Cape Canaveral,,Florida,United States,Active,10.39312384,3.68880921,19416.605774926,12399257.3443652
653,654,5592,Navy Active,NMIC Suitland,,Maryland,United States,Active,1.02296522,0.06409388,2189.33488847262,274084.69769878197
654,655,5594,Navy Active,NAVBASE Coronado,,California,United States,Active,8.97992621,4.33722524,17677.2612527784,15907751.3034229
655,656,5595,Navy Active,Amphib Base Coronado East,,California,United States,Active,5.52341556,0.77466416,10788.2516872401,2839230.9711223
656,657,5596,Navy Active,Amphib Base Coronado West,,California,United States,Active,1.59537089,0.11352591,3123.03300987089,416116.34489979205
657,658,5597,Navy Active,Camp Michael Monsoor,,California,United States,Active,17.73352767,5.29707288,34715.895068494,19416905.286914103
658,659,5598,Navy Active,Camp Morena,,California,United States,Active,1.32714872,0.09427915,2583.4043243876604,345879.31591892
659,660,5603,Navy Active,San Clemente IS NALF,,California,United States,Active,56.74950756,56.38476691,111506.526971839,207728521.53436002
660,661,5605,Navy Active,Warner Springs Rts,,California,United States,Active,23.25084967,9.52447707,46074.3519553842,35439349.9475492
669,670,5618,Navy Active,NAVBASE Point Loma,,California,United States,Active,11.58325743,1.79191532,22533.379982181697,6571698.65435988
670,671,5628,Navy Active,Harbor Drive,,California,United States,Active,1.60479076,0.10355526,3163.37235499643,380021.23116772296
671,672,5636,Navy Active,Old Town Site 1,,California,United States,Active,1.59270899,0.07365039,3116.7100247960198,270421.685150541
672,673,5642,Navy Active,SPAWARS South,,California,United States,Active,1.42592048,0.07760893,2795.91759125353,284443.745164928
673,674,5645,Navy Active,NAVBASE San Diego CA,,California,United States,Active,7.43617433,1.11234671,14482.6622549468,4077590.35832963
674,675,5648,Navy Active,Balboa Hospital,,California,United States,Active,1.59046014,0.11864602,3090.35920059109,435414.844573294
675,676,5651,Navy Active,Broadway Complex,,California,United States,Active,0.68642006,0.02393591,1332.98183903569,87816.9354657429
676,677,5653,Navy Active,Dryside,,California,United States,Active,4.73740202,0.50683241,9296.51035228557,1858297.7900953
677,678,5660,Navy Active,Mission Gorge Rec Area,,California,United States,Active,4.94075137,0.70028492,9696.04451619013,2574446.93729436
678,679,5663,Navy Active,National City,,California,United States,Active,0.73978875,0.02220507,1437.34764951173,81391.5208574747
679,680,5672,Navy Active,NAVBASE Ventura Cty Point Mugu CA,,California,United States,Active,15.12018715,6.98976662,30336.9901858422,26475819.9475239
680,681,5680,Navy Active,Port Hueneme,,California,United States,Active,7.869165299999999,2.51523258,15706.7476269555,9538475.07267833
681,682,5684,Navy Active,San Nicolas Island,,California,United States,Active,24.33274484,27.21652316,48425.2059285399,101057345.271536
682,683,5685,Navy Active,Santa Cruz Island,,California,United States,Active,0.84067605,0.01240696,1695.37671541685,46866.308333143206
683,684,5689,Navy Active,NAVSUPPFAC Beaufort SC,,South Carolina,United States,Active,1.90957695,0.18869564,3709.75061574238,687351.994201839
684,685,5698,Navy Active,NAVSUPPACT Annapolis,,Maryland,United States,Active,2.65869576,0.29358261,5704.20694883228,1260123.03553132
685,686,5699,Navy Active,Chesapeake Bay Detach,,Maryland,United States,Active,2.53268077,0.27562962,5355.29131304801,1172456.24660211
686,687,5700,Navy Active,Gambrills,,Maryland,United States,Active,6.29121013,1.30537598,13439.9939928723,5614751.75895766
687,688,5701,Navy Active,NAVACAD North Severn,,Maryland,United States,Active,9.39997803,1.28355894,19943.695521828602,5510561.92985702
688,689,5702,Navy Active,Upper Yard Annapolis,,Maryland,United States,Active,2.80787407,0.25335599,6010.04483633942,1087668.26445636
689,690,5710,Navy Active,NAVSUPPACT Monterey CA,,California,United States,Active,1.886148,0.20787741,3911.7950649984205,836930.84484614
690,691,5721,Navy Active,NAVPMOSSP Magna Utah,,Utah,United States,Active,4.89750324,0.82999865,10868.3793405628,3741488.59137243
691,692,5722,Navy Active,NAVPMOSSP Mtn View,,California,United States,Active,1.08032422,0.07722918,2256.97779981046,317616.090271893
692,693,5724,Navy Active,Navy Annex,,California,United States,Active,2.35051998,0.18969614,4881.05214659669,763619.3721674159
693,694,5734,Navy Active,NAVWPNSTA Seal Beach,,California,United States,Active,16.0394274,7.48513923,31881.8089017333,28114480.4672846
694,695,5736,Navy Active,Long Beach Fuel Complex,,California,United States,Active,0.83959503,0.01730453,1655.90428762477,64983.91058455769
695,696,5740,Navy Active,Norco,,California,United States,Active,3.6019807999999998,0.38092326,7172.19942473552,1436522.51536278
696,697,5742,Navy Active,NAWS China Lake,,California,United States,Active,178.29976752,957.46719228,363239.210893064,3790541154.9568295
697,698,5747,Navy Active,Randsburg Wash Area,,California,United States,Active,149.04755414,826.15256661,302230.053308259,3236464627.2737103
703,704,5758,Navy Active,NSF Indian Head,,Maryland,United States,Active,15.98140022,3.17933201,33896.757970546496,13496393.198954199
704,705,5759,Navy Active,Pumpkin Neck,,Virginia,United States,Active,9.10789486,2.5481702,19314.3484069734,10733436.997312
705,706,5760,Navy Active,Stump Neck Area,,Maryland,United States,Active,16.24247393,1.73972264,34481.112400130696,7378003.16448861
706,707,5787,Army Active,Fort Hood,,Texas,United States,Active,160.74338152,342.69549145,310088.328294972,1217315386.22434
707,708,5803,AF Active,Grand Forks Defense Fuel Support Point,,North Dakota,United States,Active,0.51556692,0.01757549,1273.71928132727,101397.027032044
709,710,5823,AF Active,George AFB,,California,United States,Inactive,17.73438578,8.2408062,35504.7006632545,31565654.4593425
710,711,5828,AF Active,Verona Defense Fuel Support Point,,New York,United States,Active,0.56138468,0.02040583,1276.2412091557699,99263.8335329417
711,712,5831,AF Active,Rome Laboratory,,New York,United States,Active,3.49336003,0.13098396,7971.68835461668,639130.8570048229
712,713,5832,AF Active,Brooks AFB,,Texas,United States,Active,5.92450829,2.04262546,11220.137877135901,6986642.35520282
713,714,5861,AF Active,Jonathan Dickinson Tracking Annex,,Florida,United States,Active,1.3989964,0.01747948,2589.5726071371696,57233.37853521849
714,715,5865,Navy Active,Dania Beach (Lauderdale),,Florida,United States,Active,0.62034361,0.01514858,1136.36433064881,48845.058985877804
716,717,5876,MC Active,Bridgeport,,California,United States,Active,64.03226584,96.71498927,135038.312147377,408193494.482238
717,718,5881,AF Active,Haarp Research Station,Joint Base Elmendorf - Richardson,Alaska,United States,Active,13.17772301,8.47427815,45266.8080574371,101921288.20896
718,719,5896,Navy Active,Kalaeloa,Joint Base Pearl Harbor - Hickam,Hawaii,United States,Active,21.17704217,1.37444143,36802.6961272593,4122403.81285351
719,720,5899,Navy Active,NSA South Potomac,,Virginia,United States,Active,8.65673826,4.17467402,18224.003150475,17602829.4121059
720,721,5907,Navy Active,NAS Jacksonville FL,,Florida,United States,Active,13.57472445,5.21917596,25815.913444794503,18163598.5049277
721,722,5911,AF Active,F E Warren AFB,,Wyoming,United States,Active,18.97551999,9.64543887,41621.223819060804,44127671.8161063
722,723,5915,Navy Active,CSO Barbers Point HI,,Hawaii,United States,Inactive,24.94562883,4.45031319,43351.0346574398,13346432.2426465
723,724,5916,Navy Active,Dixie Target Range,,Texas,United States,Active,18.01684274,12.22104075,33621.3966707507,40827325.0689213
724,725,5920,AF Active,Edwards AFB,,California,United States,Active,113.39049678,481.54080981,230297.218050167,1858031037.2169
725,726,5934,AF Active,Keesler AFB,,Mississippi,United States,Active,9.50161188,2.22337201,18163.0026312152,7767368.52967551
726,727,5936,AF Active,McGuire,Joint Base McGuire - Dix - Lakehurst,New Jersey,United States,Active,12.06451918,4.9862457000000004,26169.3189425142,22049494.456136603
727,728,5940,AF Active,Moody AFB,,Georgia,United States,Active,23.41130784,16.82885422,45019.8119016569,59476505.206989795
728,729,5943,AF Active,Sheppard AFB,,Texas,United States,Active,12.37061032,7.00485874,24506.8248496923,26453770.191996697
729,730,5944,Army Active,Carlisle Barracks,,Pennsylvania,United States,Active,5.1381422,0.65458851,11208.5486101858,2910024.16389848
730,731,5952,Army Active,Fort Bliss,,Texas,United States,Active,347.08012434,1742.55128279,676117.160699347,6329991947.136539
731,732,5968,AF Active,Cape Canaveral Air Force Station,,Florida,United States,Active,53.79458258,25.58864129,100299.891638106,86092878.4786634
732,733,5974,AF Active,Air Force Plant 6,,Georgia,United States,Active,7.6527283,1.18394937,15268.2529635435,4464703.64382207
733,734,5978,AF Active,Holloman AFB,,New Mexico,United States,Active,53.65912605,79.56915038,105002.429489328,293258067.687254
734,735,5979,Navy Active,Naval Observatory,,District of Columbia,United States,Active,1.1550366,0.11269509,2463.41979953499,482895.621313447
735,736,5980,Navy Active,NAVWPNSYSTRAFAC Boardman,,Oregon,United States,Active,39.25145027,73.91080678,92706.55830630001,392674587.341425
736,737,5981,AF Active,NGA Arnold Site,,Missouri,United States,Active,0.9408039,0.05376326,1993.33099243725,227171.92187308398
737,738,5982,Navy Active,Northside Mid-South,,Tennessee,United States,Active,4.78180649,0.64515194,9767.13814136912,2516879.2030532
738,739,5983,Navy Active,NSWC Carderock Div,,Tennessee,United States,Active,1.4049036,0.10019131,2853.5276223292,388435.767545379
739,740,5984,Navy Active,OLF Coupeville,,Washington,United States,Active,6.92338408,1.04788297,17024.3233298694,6101999.95640085
740,741,5998,AF Active,Peterson AFB,,Colorado,United States,Active,12.59961731,2.15761494,26727.38548435,9219933.03710905
741,742,5999,AF Active,Robins AFB,,Georgia,United States,Active,18.31583053,10.47149268,35648.9934622815,38336413.471252896
742,743,6000,Navy Active,Solomons Island MD,,Maryland,United States,Active,4.87294032,0.43342503,10312.2350537067,1827401.59519724
743,744,6001,Navy Active,Subase Kings Bay GA,,Georgia,United States,Active,25.59655739,22.11571068,48884.2153014945,77872711.7050235
744,745,6002,Army Active,Tooele Army Depot South,,Utah,United States,Active,22.22066259,30.5748078,48555.4931095982,136276389.260221
745,746,6005,Army Active,Tooele Army Depot,,Utah,United States,Active,35.20739677,39.68713188,77403.8511585941,178100656.81286
746,747,6007,Navy Active,Yankee Target Range,,Texas,United States,Active,8.327782000000001,4.60186446,15592.9603484981,15415862.495339401
747,748,6009,Navy Active,Bayview Idaho,,Idaho,United States,Active,1.48647503,0.04081989,3648.27301014971,235759.886251547
748,749,6023,AF Active,Grand Forks AFB,,North Dakota,United States,Active,17.0289211,8.25769962,41915.4905763013,47651446.6505095
749,750,6031,AF Active,Los Angeles AFB,,California,United States,Active,1.26877697,0.09079747,2517.9946869895102,342373.57896851
750,751,6053,AF Active,Mountain Home AFB,,Idaho,United States,Active,12.65257109,9.42344916,28675.565146150497,45725115.17746189
751,752,6054,Navy Active,NARL Barrow Camp Tr1,,Alaska,United States,Active,8.170828,0.98578627,37334.2995820542,24761947.4207392
752,753,6060,Navy Active,NAS Fallon NV,,Nevada,United States,Active,22.06630679,13.30250948,47361.108424096295,57812079.7287081
753,754,6064,Navy Active,NAVSTA Everett WA,,Washington,United States,Active,3.80854233,0.33639769,9388.261830003921,1943717.95655679
754,755,6066,Navy Active,NAVSUPPACT Mechanicsburg PA,,Pennsylvania,United States,Active,6.03099999,1.23362549,13115.5544177923,5487413.81863958
755,756,6075,AF Active,Nellis AFB,,Nevada,United States,Active,47.38528664,29.83938631,97712.2971262534,119133023.48961899
756,757,6125,AF Active,Nellis Air Force Range,,Nevada,United States,Active,489.09331858,4513.48391165,1017173.7822899,18511550559.6177
757,758,6154,Army Active,Pine Bluff Arsenal,,Arkansas,United States,Active,25.39129729,20.19862344,50779.8014512715,76894064.07152379
758,759,6158,AF Guard,Sioux Gateway Airport (ANG),,Iowa,United States,Active,0.74377452,0.0238947,1648.86346198703,113518.07595292099
759,760,6164,AF Active,Shaw AFB,,South Carolina,United States,Active,16.52208168,5.253350900000001,33005.82204689,19834824.5332228
760,761,6165,Navy Active,Shipyard Puget Sound,,Washington,United States,Active,3.25852438,0.45793782,8015.086122919871,2603017.16467318
761,762,6166,Navy Active,Naval Base Kitsap Bremerton WA,,Washington,United States,Active,5.18728579,0.62789168,12781.1277932216,3568457.89549742
762,763,6167,Navy Active,Jim Creek,,Washington,United States,Active,15.1572205,7.53465988,37470.8552272843,43892950.3488755
763,764,6169,AF Active,Beale AFB,,California,United States,Active,29.51014189,36.18826308,63311.5901995074,155936860.77488202
764,765,6171,Army Active,Holston AAP,,Tennessee,United States,Active,34.72159265,9.60264689,72293.61642222981,38589840.3876601
765,766,6176,Army Active,Joliet AAP Elwood,,Illinois,United States,Inactive,7.88730633,0.93556163,17507.4937264244,4304551.18908657
766,767,6180,Navy Active,Keyport NUWC,,Washington,United States,Active,3.00972306,0.47731311,7356.3408637538505,2727362.82350241
767,768,6195,MC Active,MCB Camp Lejeune (East Site),,North Carolina,United States,Active,174.26717532,88.05265063,351176.7986618,337741925.463854
768,769,6200,Navy Active,NAS Whidbey Island WA,,Washington,United States,Active,17.15318918,6.51215007,42574.0168437646,38141844.3965447
769,770,6203,AF Active,Ozol Defense Fuel Support Point,,California,United States,Active,2.4318231,0.08125435,5104.4127636694,339699.478794138
770,771,6207,Army Active,Twin Cities AAP,,Minnesota,United States,Inactive,5.44869563,0.26133082,12750.0735879442,1358315.98566534
771,772,6215,AF Active,King Salmon Airport,,Alaska,United States,Active,3.60386773,0.57246344,11204.8225282011,5473801.21996898
772,773,6216,AF Active,Dover AFB,,Delaware,United States,Active,14.01473535,4.26336397,29883.1492436407,18373846.8187867
773,774,6225,Army Active,Aberdeen Proving Ground,,Maryland,United States,Active,56.0093554,112.76258708,120246.88028911699,489661859.09210193
774,775,6230,AF Active,Patrick AFB,,Florida,United States,Active,18.43883883,3.02444993,33980.8352325739,10129385.9579545
775,776,6238,Navy Active,NAS Whiting Field Milton FL,,Florida,United States,Active,23.80991105,7.13505673,45642.3915558264,25082467.6354908
